# Blender 4.2.0
# www.blender.org
mtllib model_3d.mtl
o Cube.004
v 0.059345 0.046525 -0.060665
v -0.059221 0.101604 -0.071953
v -0.059360 0.029945 -0.052833
v 0.080278 0.109927 -0.022424
v -0.012724 0.174345 -0.035673
v -0.070998 0.040119 -0.006703
v -0.063692 0.118238 -0.018890
v 0.064999 0.058302 -0.005930
v -0.011575 0.154458 -0.087541
v 0.038587 0.141949 -0.098321
v 0.073261 0.111652 -0.081223
v 0.055142 0.047170 -0.083012
v 0.064724 0.097072 -0.104254
v 0.029920 0.125646 -0.118304
v -0.051722 0.093073 -0.089416
v -0.050404 0.048958 -0.071109
v -0.017816 0.132600 -0.110514
v 0.044956 0.026422 -0.053244
v 0.059040 0.036026 0.000873
v 0.037152 0.033822 -0.074147
v -0.014435 0.165495 -0.061297
v -0.065513 0.033683 -0.030697
v -0.062252 0.110139 -0.045766
v 0.010445 0.180639 -0.039298
v 0.010680 0.163466 -0.076344
v 0.042400 0.151006 -0.085571
v 0.071668 0.125976 -0.069660
v 0.082611 0.116435 -0.028408
v 0.008817 0.174173 -0.058082
v 0.063947 0.077173 0.046927
v -0.056024 0.129835 0.036070
v -0.064082 0.043924 0.045481
v -0.002675 0.185908 0.015178
v 0.049275 0.179120 0.023137
v 0.080594 0.143589 0.024926
v 0.062677 0.092361 0.067584
v 0.075558 0.146674 0.053051
v 0.043530 0.179669 0.050044
v -0.047113 0.131800 0.056733
v -0.052546 0.074178 0.060795
v -0.006430 0.182000 0.046914
v 0.049521 0.056519 0.052523
v 0.044038 0.076163 0.068332
v -0.009599 0.180278 -0.010095
v -0.068534 0.041340 0.019293
v -0.060822 0.124104 0.008412
v 0.019654 0.185312 -0.001410
v 0.051014 0.178039 0.007018
v 0.076483 0.147017 0.007523
v 0.013842 0.184349 -0.020553
v 0.057640 0.047441 -0.060409
v -0.057502 0.101087 -0.071206
v -0.057617 0.030297 -0.052106
v 0.078049 0.110240 -0.021982
v -0.011915 0.172571 -0.035236
v -0.069104 0.040294 -0.006591
v -0.061926 0.117466 -0.018732
v 0.061786 0.059506 -0.006459
v -0.010918 0.152966 -0.086423
v 0.037798 0.140722 -0.097011
v 0.071457 0.111420 -0.080521
v 0.053505 0.048137 -0.082562
v 0.062982 0.096884 -0.103399
v 0.029258 0.124414 -0.116970
v -0.050068 0.092702 -0.088460
v -0.048849 0.049339 -0.070048
v -0.017001 0.131278 -0.109326
v 0.043438 0.027619 -0.053015
v 0.052852 0.040043 -0.000863
v 0.035923 0.035253 -0.073663
v -0.013557 0.163879 -0.060566
v -0.063660 0.033934 -0.030265
v -0.060487 0.109462 -0.045322
v 0.010829 0.178808 -0.038836
v 0.010675 0.161885 -0.075156
v 0.041586 0.149761 -0.084277
v 0.069060 0.123779 -0.068718
v 0.077789 0.117758 -0.024579
v 0.009169 0.172411 -0.057324
v 0.062215 0.077859 0.046347
v -0.054356 0.129002 0.035603
v -0.062330 0.044182 0.044913
v -0.002235 0.183973 0.015089
v 0.048294 0.177459 0.023019
v 0.078714 0.143101 0.024768
v 0.060994 0.092972 0.066813
v 0.073716 0.146123 0.052732
v 0.042631 0.177932 0.049901
v -0.045537 0.130987 0.056031
v -0.050928 0.074267 0.059789
v -0.005787 0.180158 0.046680
v 0.047981 0.057462 0.051789
v 0.042781 0.077158 0.067229
v -0.008842 0.178457 -0.009935
v -0.066671 0.041541 0.019072
v -0.059082 0.123281 0.008275
v 0.019408 0.183408 -0.001484
v 0.050037 0.176399 0.006912
v 0.074694 0.146254 0.007615
v 0.014081 0.182472 -0.020331
v 0.009959 -0.028286 -0.040602
v 0.046773 0.072947 -0.129970
v -0.016695 -0.033254 -0.041044
v -0.018054 0.104770 -0.135984
v 0.013422 0.028292 -0.066793
v -0.043905 0.053547 -0.073637
v -0.042110 0.000905 -0.043041
v 0.027528 0.001480 -0.035923
v 0.043197 0.044676 -0.097551
v -0.043165 0.085779 -0.103903
v -0.003469 -0.029896 -0.044427
v 0.017487 0.092003 -0.142410
v -0.018140 0.034706 -0.065365
v -0.008129 0.004735 -0.051733
v 0.021989 -0.021056 0.000393
v 0.058550 0.051885 -0.060929
v 0.068063 0.133418 -0.059526
v 0.045927 0.151189 -0.073274
v -0.054814 0.103601 -0.070874
v -0.054999 0.033498 -0.048208
v -0.009205 0.019412 -0.053981
v 0.041560 0.024930 -0.042313
v 0.032861 0.165026 -0.065068
v 0.023538 0.016414 -0.116076
v -0.046654 0.057321 -0.130167
v -0.031853 0.016741 -0.088884
v 0.006194 0.054671 -0.157327
v 0.028680 0.037190 -0.143146
v -0.051634 0.037549 -0.101629
v -0.002215 0.006478 -0.089709
v -0.023493 0.067369 -0.153878
v 0.078504 0.108256 -0.023393
v -0.041465 -0.024460 -0.001577
v -0.011512 0.172012 -0.034476
v -0.067248 0.037814 -0.008931
v 0.054631 0.029081 0.003446
v 0.033962 0.001166 0.003466
v -0.056445 0.001726 -0.005249
v -0.058978 0.118630 -0.019285
v 0.062512 0.064805 -0.006569
v -0.007573 -0.031468 -0.000237
v -0.010239 0.151804 -0.087799
v 0.032058 0.179427 -0.041007
v 0.035997 0.139028 -0.098478
v 0.069432 0.110630 -0.081338
v 0.081778 0.122993 -0.030992
v -0.039113 -0.012174 -0.042244
v 0.025860 -0.005055 -0.037474
v -0.006912 -0.004746 -0.051150
v -0.053096 -0.009541 -0.003870
v 0.029478 -0.007786 0.002774
v 0.022573 -0.017872 -0.038921
v 0.010192 -0.032689 -0.023819
v -0.004733 -0.020859 -0.047645
v -0.034573 -0.026089 -0.040153
v -0.003779 -0.035959 -0.021062
v -0.018291 -0.036795 -0.021163
v 0.054231 0.051982 -0.084422
v 0.060915 0.096039 -0.108388
v 0.027229 0.121394 -0.121711
v -0.046850 0.096965 -0.089272
v -0.047474 0.056761 -0.063474
v -0.013247 0.038676 -0.057705
v 0.025574 0.034249 -0.058108
v -0.017074 0.128882 -0.113136
v 0.024671 -0.000508 -0.035620
v -0.039587 -0.004688 -0.042778
v -0.007888 0.001349 -0.050026
v -0.053078 -0.002312 -0.004527
v 0.029848 -0.002252 0.002997
v 0.008958 -0.043202 -0.031728
v 0.000055 -0.045613 -0.030363
v -0.009170 -0.046756 -0.031057
v -0.010068 -0.043727 -0.042556
v -0.001133 -0.041419 -0.045261
v 0.008150 -0.040288 -0.042792
v -0.025339 -0.201764 -0.072767
v -0.035262 -0.201482 -0.063559
v -0.031675 -0.201539 -0.069590
v -0.019838 -0.202130 -0.066905
v -0.023952 -0.202092 -0.061524
v -0.029292 -0.201951 -0.057422
v 0.011859 -0.134926 -0.056467
v 0.005926 -0.132298 -0.054037
v 0.007578 -0.131694 -0.066801
v 0.014063 -0.134725 -0.068065
v 0.017185 -0.137094 -0.060401
v 0.002565 -0.129777 -0.061923
v 0.018555 0.018073 -0.117344
v -0.042657 0.053754 -0.129661
v -0.029862 0.018654 -0.093510
v 0.003553 0.051536 -0.153391
v 0.023145 0.036134 -0.140862
v -0.047022 0.036869 -0.104771
v -0.003968 0.009440 -0.094284
v -0.022404 0.062567 -0.150325
v 0.020800 0.023579 -0.115392
v -0.040372 0.058207 -0.126376
v -0.027013 0.023178 -0.090900
v 0.005053 0.056706 -0.150330
v 0.024619 0.041471 -0.138233
v -0.044219 0.041086 -0.101793
v -0.001393 0.014455 -0.092176
v -0.020719 0.067189 -0.146867
v 0.059768 0.136222 -0.054303
v 0.038755 0.172262 -0.040448
v 0.097988 0.217110 -0.061269
v 0.047474 0.172282 -0.063505
v 0.054345 0.226587 -0.061843
v 0.044024 0.175236 -0.042222
v 0.050656 0.232177 -0.038087
v 0.066755 0.160590 -0.067695
v 0.076351 0.226765 -0.065046
v 0.104096 0.223449 -0.038631
v 0.080502 0.135947 -0.039353
v 0.078578 0.238333 -0.038084
v 0.048439 0.163894 -0.062781
v 0.052038 0.229553 -0.055200
v 0.101397 0.220854 -0.055435
v 0.070384 0.144689 -0.061008
v 0.077452 0.233223 -0.057285
v 0.059872 0.164133 -0.066184
v 0.063343 0.228172 -0.064553
v 0.063058 0.238908 -0.037978
v 0.063218 0.234197 -0.056948
v 0.056258 0.154136 -0.065627
v 0.038729 0.161931 -0.060310
v 0.070427 0.129034 -0.034369
v 0.047730 0.149172 -0.063708
v 0.048478 0.210254 -0.064786
v 0.047699 0.183706 -0.066319
v 0.095782 0.195617 -0.056458
v 0.038300 0.211638 -0.038566
v 0.040705 0.186350 -0.041684
v 0.070161 0.205025 -0.071184
v 0.065734 0.178880 -0.071458
v 0.104333 0.197297 -0.039333
v 0.041077 0.211656 -0.055243
v 0.041999 0.184399 -0.058953
v 0.099645 0.196844 -0.054814
v 0.057706 0.179832 -0.070377
v 0.061310 0.206834 -0.069659
v 0.097637 0.153456 -0.050324
v 0.089503 0.159214 -0.062192
v 0.102435 0.150991 -0.040563
v 0.100698 0.177652 -0.039839
v 0.098790 0.177425 -0.056434
v 0.089572 0.172937 -0.066271
v 0.040301 0.201101 -0.055926
v 0.039451 0.201723 -0.039958
v 0.058716 0.196530 -0.069941
v 0.070300 0.194356 -0.071733
v 0.095312 0.193632 -0.056964
v 0.098306 0.190578 -0.055344
v 0.047217 0.199602 -0.065483
v 0.043452 0.169184 -0.054383
v 0.103376 0.222884 -0.047769
v 0.078164 0.237132 -0.048259
v 0.050758 0.231448 -0.047021
v 0.063011 0.237756 -0.048031
v 0.037227 0.168544 -0.051724
v 0.040450 0.185552 -0.050217
v 0.038990 0.211765 -0.046572
v 0.096521 0.194920 -0.053640
v 0.101045 0.179025 -0.049105
v 0.096077 0.193135 -0.053832
v 0.039573 0.201629 -0.047721
v 0.107098 0.192447 -0.044803
v 0.108090 0.192266 -0.039490
v 0.114080 0.184847 -0.039723
v 0.116299 0.175718 -0.039981
v 0.113121 0.177967 -0.046307
v 0.111203 0.186590 -0.045391
v 0.097047 0.199250 -0.062102
v 0.096515 0.195401 -0.055080
v 0.095746 0.192889 -0.061794
v 0.095760 0.193058 -0.055175
v 0.099372 0.190582 -0.050398
v 0.101024 0.195610 -0.049461
v 0.051477 0.220431 -0.063477
v 0.061902 0.219903 -0.068801
v 0.046086 0.222214 -0.054734
v 0.101998 0.206312 -0.064711
v 0.108652 0.203947 -0.057544
v 0.075104 0.218076 -0.069777
v 0.043799 0.223603 -0.038277
v 0.112348 0.204462 -0.039188
v 0.044230 0.223148 -0.046299
v 0.111155 0.203284 -0.050042
v 0.080431 0.155192 -0.065687
v 0.089888 0.221402 -0.063103
v 0.100518 0.138039 -0.040556
v 0.093478 0.230934 -0.038368
v 0.091563 0.227097 -0.056260
v 0.096244 0.145344 -0.058767
v 0.081961 0.174281 -0.069427
v 0.086749 0.202229 -0.066485
v 0.088307 0.194018 -0.064890
v 0.093126 0.229717 -0.047875
v 0.090303 0.211243 -0.068136
v 0.058746 0.196596 -0.078347
v 0.060969 0.205218 -0.075374
v 0.065757 0.203937 -0.077367
v 0.063705 0.195385 -0.080406
v 0.063044 0.182407 -0.078303
v 0.058377 0.183404 -0.076392
v 0.037304 0.176607 -0.041209
v 0.062804 0.134449 -0.056741
v 0.046340 0.150218 -0.068784
v 0.036835 0.164108 -0.063032
v 0.079687 0.125177 -0.032472
v 0.093192 0.161469 -0.059659
v 0.104969 0.157365 -0.051411
v 0.109762 0.155113 -0.040495
v 0.102148 0.173254 -0.039965
v 0.098785 0.171407 -0.055923
v 0.093464 0.167959 -0.062955
v 0.104562 0.174646 -0.048059
v 0.086682 0.161621 -0.058337
v 0.102604 0.161397 -0.040285
v 0.097651 0.162864 -0.050509
v 0.090852 0.162596 -0.059074
v 0.098810 0.165559 -0.040152
v 0.094398 0.164123 -0.055241
v 0.097305 0.165815 -0.047764
v 0.093652 0.162169 -0.059240
v 0.093708 0.162824 -0.057970
v 0.110392 0.160379 -0.040357
v 0.107824 0.162548 -0.040284
v 0.103123 0.164091 -0.050318
v 0.105594 0.162230 -0.050763
v 0.093229 0.163644 -0.058363
v 0.093479 0.164616 -0.059544
v 0.106205 0.166695 -0.040164
v 0.106668 0.169705 -0.040086
v 0.096708 0.165497 -0.055369
v 0.101070 0.168381 -0.055075
v 0.105775 0.170467 -0.047503
v 0.104908 0.167032 -0.047800
v 0.108022 0.175666 -0.039934
v 0.106944 0.179066 -0.048894
v 0.105018 0.188824 -0.049030
v 0.105331 0.195086 -0.039398
v 0.103930 0.194136 -0.046731
v 0.061212 0.212669 -0.069771
v 0.108008 0.198096 -0.054393
v 0.111622 0.198731 -0.039337
v 0.040440 0.216950 -0.046524
v 0.109811 0.197315 -0.047690
v 0.049430 0.214760 -0.064639
v 0.042667 0.216424 -0.055233
v 0.099101 0.201627 -0.066010
v 0.073236 0.210740 -0.071204
v 0.039977 0.217024 -0.038431
v 0.089214 0.205204 -0.069161
v 0.051191 0.151006 -0.061636
v 0.043532 0.160679 -0.059807
v 0.066973 0.132886 -0.036011
v 0.041831 0.165707 -0.051726
v 0.042452 0.170828 -0.040777
v 0.060264 0.140085 -0.054626
v 0.036567 0.009187 -0.039916
v -0.047945 0.013517 -0.047641
v -0.005752 0.011293 -0.055822
v 0.044603 0.012760 0.004453
v -0.062803 0.014438 -0.006596
v 0.046717 0.037011 -0.051514
v 0.028194 0.034633 -0.080747
v 0.010877 0.010477 -0.102028
v 0.054755 0.048168 -0.001244
v 0.039140 0.041777 -0.071876
v 0.007544 0.012975 -0.105159
v 0.010152 0.018121 -0.103095
v 0.038321 0.206653 -0.039224
v 0.059662 0.201968 -0.069638
v 0.095757 0.194350 -0.055388
v 0.040001 0.206593 -0.055274
v 0.069429 0.199779 -0.071974
v 0.092155 0.196734 -0.062954
v 0.047499 0.205333 -0.065030
v 0.099914 0.193050 -0.049900
v 0.038942 0.206715 -0.047126
v 0.111226 0.188905 -0.039598
v 0.109055 0.190125 -0.045078
v 0.095351 0.195015 -0.057225
v 0.096355 0.193886 -0.053639
v 0.084410 0.198395 -0.066736
v 0.059502 0.201102 -0.077157
v 0.064775 0.199733 -0.079408
v 0.104253 0.191831 -0.047997
v 0.038500 0.041670 -0.100354
v 0.010143 0.027423 -0.070091
v -0.017832 0.096870 -0.138801
v 0.014946 0.084064 -0.144403
v -0.041668 0.081030 -0.107625
v -0.043011 0.052583 -0.076781
v 0.041977 0.066198 -0.132069
v -0.019302 0.033979 -0.068583
v 0.024154 0.032483 -0.084031
v -0.013504 0.163021 -0.060895
v -0.061977 0.032268 -0.029763
v -0.050442 -0.001415 -0.025251
v -0.058632 0.110404 -0.045305
v -0.044460 -0.026320 -0.020432
v 0.031307 0.174628 -0.054093
v -0.051855 -0.011590 -0.023087
v -0.018689 -0.036032 -0.030935
v -0.048096 -0.004752 -0.023846
v -0.010024 -0.045352 -0.036777
v -0.032514 -0.201704 -0.060235
v 0.004044 -0.130954 -0.057842
v 0.035443 0.172747 -0.053366
v -0.056261 0.011104 -0.027970
v -0.017758 -0.174961 -0.056866
v -0.014355 -0.174224 -0.072743
v -0.009140 -0.177885 -0.067053
v -0.023310 -0.171090 -0.062602
v -0.012953 -0.176770 -0.061432
v -0.020100 -0.171771 -0.069020
v -0.020681 -0.172981 -0.059527
v -0.019784 -0.178556 -0.058484
v -0.017483 -0.177623 -0.071693
v -0.012992 -0.180715 -0.067186
v -0.024515 -0.175273 -0.063015
v -0.022263 -0.176882 -0.060578
v -0.015928 -0.179970 -0.062411
v -0.022028 -0.175722 -0.068399
v 0.041372 0.194350 -0.056869
v 0.067099 0.187345 -0.071125
v 0.093574 0.187066 -0.061470
v 0.046276 0.192335 -0.065653
v 0.039727 0.195322 -0.040723
v 0.058145 0.189148 -0.070200
v 0.097193 0.185657 -0.055080
v 0.039881 0.194973 -0.048513
v 0.099246 0.185633 -0.049479
v 0.116627 0.179618 -0.039878
v 0.112661 0.181959 -0.046699
v 0.088682 0.188516 -0.065061
v 0.063205 0.188972 -0.079315
v 0.058353 0.190100 -0.077290
v 0.106507 0.184455 -0.051083
v 0.098915 0.195597 -0.054056
v 0.097062 0.197468 -0.060276
v 0.095045 0.193507 -0.060805
v 0.096926 0.191762 -0.055017
v 0.097785 0.191576 -0.051070
v 0.099907 0.194647 -0.049900
v 0.098133 0.193340 -0.050757
v 0.093270 0.196079 -0.061440
v 0.023166 -0.121115 -0.066459
v 0.025667 -0.100901 -0.062165
v 0.027206 -0.111214 -0.064987
v 0.010983 -0.116423 -0.061783
v 0.011490 -0.103985 -0.059694
v 0.013922 -0.111823 -0.061889
v 0.018031 -0.101937 -0.062882
v 0.016463 -0.118308 -0.066037
v 0.020132 -0.110409 -0.065243
v 0.025526 -0.123046 -0.058342
v 0.027649 -0.102758 -0.053552
v 0.029312 -0.112939 -0.056628
v 0.020743 -0.104465 -0.051248
v 0.019692 -0.120946 -0.055081
v 0.023009 -0.112783 -0.053967
v 0.013598 -0.105912 -0.050768
v 0.013603 -0.118468 -0.053418
v 0.016159 -0.113683 -0.053250
v 0.012284 -0.105020 -0.055163
v 0.012039 -0.117323 -0.057466
v 0.014790 -0.112838 -0.057500
v 0.008478 -0.071691 -0.053998
v 0.016890 -0.070502 -0.052426
v 0.018366 -0.072875 -0.042562
v 0.000745 -0.073886 -0.050985
v 0.001205 -0.075209 -0.045812
v 0.010538 -0.075029 -0.040699
v 0.002320 -0.076347 -0.040760
v -0.000414 -0.155947 -0.058639
v -0.006044 -0.151874 -0.067928
v -0.005931 -0.153629 -0.055215
v 0.000245 -0.154736 -0.070282
v 0.004323 -0.157702 -0.063348
v -0.010333 -0.150459 -0.062274
v -0.008312 -0.151976 -0.058573
v 0.095535 0.196214 -0.058660
v 0.096601 0.195427 -0.054992
v 0.095747 0.192994 -0.055188
v 0.094764 0.194076 -0.058767
v 0.096378 0.192751 -0.052386
v 0.097112 0.194563 -0.052159
v 0.094453 0.195461 -0.059743
v 0.096744 0.193601 -0.051808
v 0.008804 -0.021272 0.036244
v 0.051382 0.139808 0.102529
v -0.016991 -0.029572 0.035169
v -0.011641 0.170797 0.087408
v 0.019943 0.067197 0.062537
v -0.036883 0.089927 0.051605
v -0.047298 0.002932 0.034886
v 0.020838 0.010457 0.040488
v 0.050340 0.100572 0.086311
v -0.034288 0.139087 0.064445
v -0.004441 -0.024799 0.039382
v 0.021992 0.161949 0.102051
v -0.011683 0.069731 0.053842
v -0.015088 0.009736 0.049043
v 0.063104 0.082199 0.046573
v 0.071510 0.142997 -0.010273
v 0.055694 0.167721 -0.003877
v -0.048552 0.133704 0.031480
v -0.058603 0.041669 0.035667
v -0.016204 0.030737 0.049934
v 0.036808 0.039831 0.046985
v 0.040802 0.177176 -0.014767
v 0.025783 0.081439 0.111671
v -0.043936 0.122884 0.097409
v -0.026146 0.067725 0.078193
v 0.004915 0.132480 0.131218
v 0.028262 0.111162 0.128594
v -0.046137 0.091753 0.078951
v 0.003148 0.060954 0.087075
v -0.023246 0.142512 0.118890
v -0.000980 0.184536 0.018397
v 0.047882 0.177237 0.027734
v 0.076822 0.141981 0.027356
v -0.043592 -0.010359 0.035241
v 0.019725 0.003425 0.039846
v -0.012854 -0.000799 0.047846
v 0.019046 -0.009570 0.038102
v 0.010011 -0.024791 0.019945
v -0.007216 -0.016313 0.043052
v -0.037244 -0.023520 0.034373
v -0.003550 -0.029887 0.017227
v -0.018112 -0.032447 0.017064
v 0.062135 0.099334 0.070129
v 0.070029 0.148661 0.064143
v 0.038092 0.178329 0.061627
v -0.037727 0.140500 0.048422
v -0.044077 0.081912 0.044234
v -0.009720 0.065076 0.047570
v 0.030137 0.065959 0.055757
v -0.006613 0.181224 0.053168
v 0.018508 0.008164 0.038964
v -0.045091 -0.002938 0.035453
v -0.014205 0.005910 0.047116
v 0.009862 -0.035728 0.026289
v 0.001348 -0.039102 0.024645
v -0.007646 -0.041372 0.025076
v -0.009070 -0.039122 0.036686
v -0.000520 -0.035908 0.039701
v 0.008588 -0.033538 0.037469
v 0.006471 -0.202057 0.068179
v -0.007065 -0.201750 0.068323
v -0.000311 -0.201888 0.070241
v 0.006434 -0.202216 0.059969
v -0.000265 -0.202093 0.058901
v -0.006973 -0.201920 0.059640
v 0.024157 -0.128311 0.049178
v 0.017398 -0.126694 0.049017
v 0.023064 -0.126108 0.060543
v 0.029982 -0.127980 0.059438
v 0.030753 -0.129600 0.051031
v 0.016523 -0.124996 0.057733
v 0.020781 0.083417 0.111402
v -0.040112 0.119481 0.098973
v -0.024734 0.071504 0.082073
v 0.002715 0.128078 0.128534
v 0.023066 0.109278 0.126166
v -0.042142 0.092536 0.082794
v 0.000944 0.065540 0.089830
v -0.021959 0.136703 0.117724
v 0.023661 0.087793 0.107889
v -0.036968 0.122478 0.094726
v -0.021147 0.074994 0.078454
v 0.004901 0.131593 0.124025
v 0.025180 0.113124 0.121975
v -0.038612 0.095547 0.078918
v 0.004186 0.069501 0.086446
v -0.019543 0.139585 0.113094
v 0.064407 0.142828 -0.017252
v 0.098249 0.215904 -0.016296
v 0.051339 0.175585 -0.019693
v 0.054618 0.225324 -0.014709
v 0.067721 0.160222 -0.012891
v 0.076660 0.225337 -0.011756
v 0.054302 0.170197 -0.019677
v 0.052235 0.228640 -0.021156
v 0.101591 0.219957 -0.021959
v 0.071617 0.146667 -0.018639
v 0.077673 0.232201 -0.019172
v 0.062013 0.165960 -0.015334
v 0.063647 0.226763 -0.012023
v 0.063437 0.233187 -0.019291
v 0.062532 0.160198 -0.014865
v 0.045103 0.171149 -0.019057
v 0.055246 0.159907 -0.012640
v 0.048780 0.208854 -0.012577
v 0.049324 0.184253 -0.015128
v 0.095980 0.194699 -0.022226
v 0.070535 0.203297 -0.006720
v 0.066427 0.177733 -0.008280
v 0.041270 0.210763 -0.021945
v 0.043573 0.185139 -0.023000
v 0.099824 0.196014 -0.023846
v 0.058498 0.178931 -0.009441
v 0.061667 0.205182 -0.008044
v 0.097751 0.152928 -0.030629
v 0.089757 0.158039 -0.018376
v 0.098983 0.176536 -0.023258
v 0.089878 0.171524 -0.013570
v 0.040669 0.200546 -0.022925
v 0.059074 0.194877 -0.008284
v 0.070677 0.192614 -0.006746
v 0.095515 0.192690 -0.021821
v 0.098490 0.189728 -0.023636
v 0.047744 0.198575 -0.013200
v 0.046982 0.174148 -0.028718
v 0.103482 0.222395 -0.029528
v 0.078282 0.236588 -0.027983
v 0.050861 0.230971 -0.029207
v 0.063128 0.237219 -0.028002
v 0.040891 0.173846 -0.028677
v 0.041383 0.186127 -0.032513
v 0.039082 0.211336 -0.030573
v 0.096687 0.194154 -0.025084
v 0.101153 0.178527 -0.030517
v 0.096245 0.192361 -0.024984
v 0.039773 0.201461 -0.031785
v 0.107159 0.192161 -0.034164
v 0.113195 0.177624 -0.033507
v 0.111269 0.186283 -0.033938
v 0.097312 0.198026 -0.016410
v 0.096698 0.194558 -0.023621
v 0.096005 0.191689 -0.017042
v 0.095943 0.192213 -0.023643
v 0.099499 0.189997 -0.028587
v 0.101141 0.195069 -0.029273
v 0.051768 0.219088 -0.013373
v 0.062254 0.218279 -0.008207
v 0.046276 0.221335 -0.021945
v 0.102295 0.204939 -0.013484
v 0.108864 0.202964 -0.020844
v 0.075465 0.216406 -0.007483
v 0.044323 0.222719 -0.030296
v 0.111280 0.202703 -0.028398
v 0.081089 0.154472 -0.015088
v 0.090172 0.220090 -0.014140
v 0.091769 0.226143 -0.020687
v 0.096466 0.144386 -0.022585
v 0.082304 0.172695 -0.010259
v 0.087066 0.200762 -0.011755
v 0.088603 0.192649 -0.013804
v 0.093236 0.229209 -0.028938
v 0.090642 0.209676 -0.009664
v 0.059201 0.194493 0.000112
v 0.061392 0.203262 -0.002420
v 0.066203 0.201878 -0.000553
v 0.064183 0.193174 0.002046
v 0.063823 0.180894 -0.001198
v 0.059168 0.182051 -0.003097
v 0.067177 0.142711 -0.013368
v 0.055128 0.163837 -0.008312
v 0.044055 0.174706 -0.017214
v 0.093417 0.160428 -0.020828
v 0.105097 0.156776 -0.029419
v 0.098969 0.170554 -0.024091
v 0.093729 0.166732 -0.017192
v 0.104656 0.174211 -0.031837
v 0.086893 0.160648 -0.022064
v 0.097770 0.162313 -0.029940
v 0.091070 0.161584 -0.021324
v 0.094573 0.163315 -0.025111
v 0.097393 0.165406 -0.032520
v 0.093873 0.161149 -0.021214
v 0.093914 0.161872 -0.022448
v 0.103240 0.163549 -0.030129
v 0.105715 0.161669 -0.029813
v 0.093439 0.162670 -0.022005
v 0.093703 0.163577 -0.020777
v 0.096884 0.164682 -0.024937
v 0.101244 0.167578 -0.025127
v 0.105862 0.170068 -0.032630
v 0.104997 0.166622 -0.032507
v 0.107049 0.178581 -0.030794
v 0.105127 0.188317 -0.030112
v 0.104014 0.193745 -0.032112
v 0.061573 0.211003 -0.007618
v 0.108182 0.197289 -0.024296
v 0.040534 0.216517 -0.030360
v 0.109908 0.196869 -0.031051
v 0.049733 0.213362 -0.012494
v 0.042861 0.215525 -0.021718
v 0.099411 0.200190 -0.012404
v 0.073612 0.209003 -0.006429
v 0.089563 0.203590 -0.008952
v 0.058311 0.158910 -0.016349
v 0.049388 0.169031 -0.020274
v 0.045414 0.170844 -0.028785
v 0.064672 0.145100 -0.020227
v 0.029178 0.020391 0.046825
v -0.053584 0.016871 0.038722
v -0.013995 0.018605 0.053760
v 0.048845 0.062921 0.049416
v 0.035655 0.082612 0.074308
v 0.014642 0.069974 0.099073
v 0.046471 0.083716 0.065403
v 0.011037 0.073459 0.100443
v 0.014293 0.077510 0.097070
v 0.060017 0.200324 -0.008306
v 0.095943 0.193492 -0.023361
v 0.040193 0.205705 -0.022173
v 0.069810 0.198016 -0.006204
v 0.092429 0.195466 -0.015637
v 0.047803 0.203927 -0.012586
v 0.100035 0.192489 -0.028959
v 0.039105 0.206407 -0.031223
v 0.109119 0.189829 -0.034036
v 0.095558 0.194057 -0.021486
v 0.096520 0.193122 -0.025139
v 0.084729 0.196919 -0.011682
v 0.059944 0.199056 -0.000843
v 0.065242 0.197570 0.001270
v 0.104352 0.191374 -0.030974
v 0.044969 0.098939 0.089746
v 0.016949 0.068703 0.065001
v -0.012640 0.164524 0.093847
v 0.018192 0.155164 0.107962
v -0.033516 0.136438 0.069579
v -0.035026 0.092686 0.054124
v 0.045286 0.134138 0.108076
v -0.012358 0.071839 0.056512
v 0.031589 0.082639 0.077207
v -0.008109 0.178765 -0.008127
v -0.064883 0.037494 0.014284
v -0.054086 0.001418 0.015783
v -0.055535 0.125305 0.006747
v -0.047000 -0.023415 0.015894
v 0.035645 0.181032 -0.027648
v -0.055182 -0.008594 0.015011
v -0.018877 -0.031887 0.025989
v -0.051602 -0.001715 0.015400
v -0.008745 -0.040402 0.030837
v -0.007367 -0.201822 0.063953
v 0.016714 -0.125795 0.053318
v 0.039435 0.178556 -0.028656
v -0.059565 0.014063 0.016601
v 0.001179 -0.172238 0.056390
v 0.013912 -0.173660 0.066422
v 0.014472 -0.175191 0.058047
v 0.000528 -0.170634 0.065079
v 0.007885 -0.173870 0.056372
v 0.007082 -0.171789 0.067700
v 0.000606 -0.171384 0.060685
v 0.000670 -0.176347 0.057926
v 0.011162 -0.177488 0.066207
v 0.011613 -0.178742 0.059276
v 0.000150 -0.175029 0.065105
v 0.000211 -0.175647 0.061476
v 0.006209 -0.177697 0.057899
v 0.005570 -0.175987 0.067256
v 0.042148 0.194325 -0.023797
v 0.067467 0.185644 -0.007691
v 0.093828 0.185891 -0.017653
v 0.046907 0.191490 -0.013591
v 0.058788 0.187991 -0.009050
v 0.097373 0.184828 -0.024150
v 0.040335 0.195033 -0.032558
v 0.099360 0.185105 -0.029769
v 0.112741 0.181588 -0.032897
v 0.088979 0.187145 -0.013933
v 0.063668 0.186829 0.000620
v 0.058794 0.188062 -0.001286
v 0.106639 0.183845 -0.028314
v 0.099085 0.194809 -0.024661
v 0.097305 0.196343 -0.018329
v 0.095294 0.192359 -0.017989
v 0.097107 0.190927 -0.023884
v 0.097919 0.190953 -0.027845
v 0.100028 0.194084 -0.028873
v 0.098264 0.192732 -0.028067
v 0.093526 0.194893 -0.017197
v 0.035195 -0.112635 0.057006
v 0.034005 -0.092566 0.052782
v 0.036967 -0.102382 0.055137
v 0.021657 -0.110213 0.055294
v 0.019937 -0.096824 0.052271
v 0.023323 -0.104478 0.054255
v 0.026666 -0.094239 0.054558
v 0.028203 -0.111042 0.058117
v 0.029888 -0.102456 0.056570
v 0.036012 -0.114314 0.048546
v 0.034914 -0.094314 0.043978
v 0.037845 -0.104066 0.046564
v 0.027957 -0.096603 0.042660
v 0.029291 -0.113305 0.046674
v 0.031124 -0.104761 0.044998
v 0.020969 -0.098616 0.043139
v 0.022584 -0.111932 0.046518
v 0.024314 -0.106265 0.045382
v 0.020192 -0.097813 0.047671
v 0.021835 -0.111002 0.050840
v 0.023569 -0.105472 0.049788
v 0.013071 -0.065073 0.047136
v 0.021212 -0.063000 0.045108
v 0.022301 -0.064973 0.035117
v 0.005430 -0.067972 0.044489
v 0.005717 -0.069108 0.039265
v 0.014644 -0.067855 0.033659
v 0.006653 -0.069995 0.034117
v 0.016027 -0.151090 0.052793
v 0.015062 -0.148942 0.064138
v 0.009293 -0.149467 0.052712
v 0.021937 -0.150811 0.062959
v 0.022617 -0.152393 0.054570
v 0.008518 -0.147811 0.061413
v 0.008659 -0.148588 0.057009
v 0.095760 0.195177 -0.019991
v 0.096783 0.194588 -0.023709
v 0.095930 0.192148 -0.023633
v 0.094989 0.193037 -0.019990
v 0.096529 0.192055 -0.026451
v 0.097260 0.193877 -0.026589
v 0.094690 0.194367 -0.018938
v 0.096887 0.192936 -0.026988
v -0.000917 0.032941 -0.094959
v 0.017242 0.050404 -0.134894
v -0.040292 0.049360 -0.105075
v -0.021022 0.063888 -0.147184
v 0.035549 -0.033700 -0.088842
v 0.056611 -0.030822 -0.120777
v 0.009349 -0.058016 -0.108332
v 0.030054 -0.054658 -0.139975
v -0.041296 -0.004299 -0.117185
v -0.010534 0.004994 -0.162374
v -0.005044 0.017303 -0.089439
v 0.025155 0.027308 -0.134927
v 0.009023 -0.026914 -0.153969
v 0.016093 -0.005400 -0.079871
v -0.020190 -0.035157 -0.108302
v 0.045495 0.002683 -0.125611
v -0.049416 0.030299 -0.116836
v 0.014445 0.034728 -0.140196
v -0.022602 0.039048 -0.160305
v -0.010757 0.020787 -0.098421
v -0.024237 0.037084 -0.091414
v 0.015880 0.039122 -0.113055
v 0.002183 0.060371 -0.148581
v -0.038823 0.059842 -0.129132
v -0.044908 0.041884 -0.109873
v 0.019503 -0.041961 -0.146565
v 0.014791 -0.060274 -0.127751
v 0.018670 -0.046756 -0.092619
v 0.047501 -0.042433 -0.136287
v 0.050405 -0.027195 -0.101804
v 0.026071 -0.021593 -0.082691
v 0.016683 0.041930 -0.138198
v -0.031460 -0.021592 -0.112322
v -0.018643 0.021034 -0.162870
v -0.012286 0.022354 -0.095508
v 0.036695 0.015304 -0.130762
v 0.013120 0.018797 -0.157609
v -0.029416 0.004994 -0.094177
v 0.017392 0.026221 -0.106778
v -0.032790 -0.004869 -0.145397
v -0.000530 -0.012441 -0.159775
v 0.006036 0.006449 -0.082870
v -0.005545 -0.048170 -0.106503
v 0.051460 -0.015354 -0.122678
v 0.036828 0.003342 -0.098426
v 0.033127 -0.010493 -0.148913
v -0.007888 -0.021934 -0.084976
v -0.012834 -0.036974 -0.136832
v -0.047893 0.011897 -0.120270
v 0.016173 0.033405 -0.138310
v -0.022206 0.054888 -0.153423
v -0.004654 0.025321 -0.096714
v -0.043543 0.033660 -0.143695
v -0.035147 0.021937 -0.098960
v 0.001068 0.040453 -0.157909
v 0.009403 0.026612 -0.115817
v 0.000544 -0.050354 -0.131271
v 0.013831 0.031110 -0.115040
v 0.005238 -0.036103 -0.086648
v 0.001874 0.051605 -0.153439
v 0.024175 0.003573 -0.154669
v -0.035954 0.015545 -0.099234
v 0.028782 0.015978 -0.101219
v -0.039848 0.012566 -0.146785
v 0.045056 -0.013034 -0.097875
v 0.040529 -0.027367 -0.142678
v -0.019327 -0.009275 -0.088343
v -0.023434 -0.022796 -0.141987
v -0.041735 0.051150 -0.135382
v -0.029079 0.029723 -0.094514
v 0.004083 0.030461 -0.158958
v 0.009163 0.029647 -0.112078
v 0.040296 -0.035746 -0.085545
v 0.065059 -0.037412 -0.113396
v 0.013736 -0.067571 -0.106949
v 0.037139 -0.069507 -0.134826
v 0.018947 -0.082691 -0.093193
v 0.047969 -0.089181 -0.121727
v 0.048512 -0.051576 -0.068409
v 0.077810 -0.055263 -0.098176
v 0.052203 -0.026176 -0.078625
v 0.068557 -0.030248 -0.098517
v 0.076976 -0.043546 -0.088340
v 0.060599 -0.040655 -0.066818
v 0.039220 -0.038185 -0.076312
v 0.043970 -0.046629 -0.068141
v 0.041130 -0.031661 -0.070037
v 0.047338 -0.041656 -0.062548
v 0.077894 -0.078855 -0.069470
v 0.085696 -0.075081 -0.087627
v 0.060546 -0.104858 -0.106150
v 0.052051 -0.109176 -0.088761
v 0.047929 -0.059573 -0.060843
v 0.059114 -0.071194 -0.058135
v 0.034200 -0.100941 -0.076898
v 0.021232 -0.090052 -0.080348
v 0.020750 -0.072951 -0.124385
v 0.055200 -0.028255 -0.099924
v 0.023296 -0.052305 -0.091412
v 0.055686 -0.055321 -0.129457
v 0.067494 -0.073471 -0.115921
v 0.027968 -0.064563 -0.077859
v 0.076103 -0.091480 -0.098027
v 0.067285 -0.096818 -0.077540
v 0.031573 -0.073371 -0.068138
v 0.045622 -0.086835 -0.064440
v 0.028687 -0.088552 -0.111962
v 0.069855 -0.052071 -0.077608
v 0.061672 -0.025880 -0.089557
v 0.071554 -0.042159 -0.076638
v 0.054142 -0.099440 -0.116789
v 0.084325 -0.063983 -0.093427
v 0.073929 -0.082582 -0.109317
v 0.075039 -0.061561 -0.072270
v 0.037525 -0.098774 -0.102504
v 0.014143 -0.075810 -0.099944
v 0.073415 -0.045878 -0.107059
v 0.042901 -0.080851 -0.130298
v 0.042083 -0.044475 -0.077444
v 0.074716 -0.035663 -0.093658
v 0.057191 -0.031699 -0.071463
v 0.040255 -0.042719 -0.072024
v 0.043449 -0.035575 -0.064418
v 0.023378 -0.082386 -0.119398
v 0.023753 -0.057807 -0.083475
v 0.063278 -0.064833 -0.124431
v 0.067967 -0.032330 -0.082477
v 0.007513 0.086324 0.081912
v 0.019788 0.117413 0.114930
v -0.033043 0.107109 0.077297
v -0.020162 0.137009 0.112962
v 0.027199 0.020153 0.141700
v 0.019828 0.027086 0.177310
v -0.011731 0.008440 0.137325
v -0.018371 0.015706 0.172151
v -0.045909 0.063843 0.107997
v -0.031763 0.090104 0.153696
v 0.005286 0.063325 0.094029
v 0.018364 0.090567 0.140757
v -0.028959 0.053162 0.165832
v 0.022800 0.039899 0.110628
v -0.031100 0.029716 0.117293
v 0.023885 0.063095 0.160286
v -0.046279 0.094546 0.093644
v 0.014612 0.102920 0.127440
v -0.027634 0.120594 0.134002
v -0.003064 0.074044 0.089879
v -0.015227 0.089798 0.072667
v 0.021676 0.098324 0.099238
v 0.002687 0.132983 0.120402
v -0.035098 0.126668 0.094895
v -0.039192 0.102050 0.083783
v -0.024317 0.032948 0.169112
v -0.021953 0.010343 0.153999
v 0.009039 0.012595 0.132882
v -0.000658 0.022519 0.181321
v 0.030180 0.026644 0.160315
v 0.026700 0.028273 0.126560
v 0.017889 0.110356 0.121550
v -0.039394 0.044767 0.112087
v -0.030842 0.105958 0.144745
v -0.002892 0.071396 0.090525
v 0.022083 0.077384 0.152069
v -0.004288 0.095956 0.155999
v -0.023281 0.058316 0.091411
v 0.022228 0.076854 0.115103
v -0.048564 0.076624 0.133980
v -0.031853 0.070932 0.161737
v 0.015702 0.051030 0.101214
v -0.019826 0.016546 0.126172
v 0.021521 0.044555 0.170341
v 0.032913 0.053261 0.135169
v -0.002408 0.062699 0.172532
v -0.004614 0.030005 0.103937
v -0.040509 0.039534 0.143055
v -0.049084 0.080407 0.103538
v 0.014438 0.098625 0.132167
v -0.023552 0.131306 0.121946
v 0.002972 0.079396 0.086194
v -0.046015 0.110440 0.116493
v -0.028536 0.077730 0.084178
v -0.002689 0.117585 0.137438
v 0.014309 0.085055 0.107874
v -0.031197 0.022519 0.147623
v 0.018689 0.091046 0.104268
v 0.004264 0.018989 0.117490
v 0.000556 0.126569 0.128441
v -0.003660 0.079443 0.166626
v -0.029750 0.070713 0.088391
v 0.029800 0.065406 0.125021
v -0.048785 0.094012 0.127532
v 0.033514 0.038976 0.148745
v -0.002536 0.042058 0.178144
v -0.013794 0.042661 0.096474
v -0.046276 0.056631 0.139199
v -0.040108 0.121376 0.103322
v -0.021145 0.083913 0.077677
v -0.004960 0.108163 0.146057
v 0.015187 0.083228 0.109169
v 0.031923 0.017301 0.143177
v 0.028672 0.012077 0.178280
v -0.012415 0.003069 0.137752
v -0.016611 -0.001720 0.172172
v -0.009180 -0.011661 0.126918
v -0.011292 -0.025994 0.164744
v 0.039407 -0.002866 0.130950
v 0.038119 -0.015120 0.170288
v 0.047801 0.019648 0.146268
v 0.043734 0.013008 0.170361
v 0.049216 -0.005839 0.164716
v 0.053379 0.000715 0.139177
v 0.035793 0.013957 0.135058
v 0.039396 0.003391 0.129549
v 0.043649 0.017830 0.132147
v 0.047267 0.005215 0.128121
v 0.043535 -0.040688 0.142276
v 0.039575 -0.038528 0.161883
v -0.002055 -0.048229 0.155959
v 0.000739 -0.050379 0.136446
v 0.039437 -0.010656 0.122680
v 0.042026 -0.026527 0.123917
v 0.000417 -0.036282 0.118325
v -0.003992 -0.020568 0.116400
v -0.021633 -0.000776 0.153978
v 0.034586 0.022957 0.163460
v 0.010192 0.010086 0.134479
v 0.004724 0.002497 0.181653
v 0.012083 -0.022938 0.174478
v 0.014483 -0.002862 0.123737
v 0.019249 -0.045981 0.161256
v 0.023179 -0.049327 0.138911
v 0.017941 -0.013296 0.116071
v 0.022013 -0.032023 0.117941
v -0.017161 -0.018125 0.146115
v 0.046973 -0.012057 0.150146
v 0.046945 0.018577 0.160353
v 0.053546 -0.004145 0.152718
v -0.009546 -0.038618 0.162215
v 0.040820 -0.026985 0.168362
v 0.015506 -0.035538 0.170653
v 0.048509 -0.024115 0.146241
v -0.011229 -0.032258 0.141459
v -0.012417 -0.003535 0.131028
v 0.034415 -0.002342 0.176827
v -0.015517 -0.014945 0.170258
v 0.033798 0.007617 0.136353
v 0.048267 0.003640 0.169215
v 0.052743 0.011028 0.142628
v 0.036720 0.008991 0.131289
v 0.046639 0.012496 0.128459
v -0.021683 -0.009818 0.150167
v 0.012148 0.005092 0.127343
v 0.008434 -0.011392 0.180586
v 0.052463 0.007690 0.157351
v -0.010964 -0.213729 -0.065669
v -0.016078 -0.192270 -0.064696
v -0.025983 -0.213747 -0.054588
v -0.025565 -0.193237 -0.055991
v -0.025078 -0.213729 -0.080868
v -0.027202 -0.191393 -0.076240
v -0.038271 -0.213147 -0.067496
v -0.036893 -0.189464 -0.066283
v -0.010964 -0.203390 -0.065669
v -0.026266 -0.203535 -0.054474
v -0.038699 -0.202237 -0.067227
v -0.025078 -0.203390 -0.080867
v -0.008160 -0.204194 -0.095852
v -0.008160 -0.213728 -0.095852
v 0.003711 -0.213728 -0.078844
v 0.003711 -0.204194 -0.078844
v 0.004168 -0.203342 -0.096570
v 0.005711 -0.206762 -0.097646
v 0.010178 -0.206762 -0.091246
v 0.008636 -0.203342 -0.090169
v -0.035755 -0.213370 -0.057648
v -0.033132 -0.191115 -0.058830
v -0.018021 -0.213729 -0.073268
v -0.017593 -0.190793 -0.074209
v -0.014517 -0.198275 -0.076522
v -0.035820 -0.202854 -0.057594
v -0.002224 -0.213728 -0.087348
v -0.002224 -0.199079 -0.087348
v 0.007945 -0.206762 -0.094446
v 0.006402 -0.203342 -0.093369
v -0.013362 -0.183274 -0.064516
v -0.019805 -0.182658 -0.055667
v -0.024001 -0.178182 -0.074932
v -0.030509 -0.176210 -0.065596
v -0.027555 -0.178743 -0.057006
v -0.015368 -0.181165 -0.073792
v -0.018586 -0.203389 -0.088096
v -0.018585 -0.213728 -0.088096
v -0.004472 -0.203389 -0.072898
v -0.004472 -0.213728 -0.072898
v -0.011529 -0.213728 -0.080497
v -0.009777 -0.198274 -0.082124
v -0.026082 -0.209842 -0.054556
v -0.038390 -0.209086 -0.067429
v -0.025078 -0.210804 -0.080868
v -0.010964 -0.210804 -0.065669
v -0.008160 -0.211608 -0.095852
v 0.003711 -0.211608 -0.078844
v 0.005271 -0.205787 -0.097340
v 0.009739 -0.205787 -0.090939
v 0.007505 -0.205787 -0.094139
v -0.035793 -0.210403 -0.057646
v -0.004472 -0.210803 -0.072898
v -0.018586 -0.210803 -0.088096
v -0.011093 -0.209259 -0.065805
v 0.003569 -0.210070 -0.078966
v 0.009332 -0.205338 -0.090772
v -0.004597 -0.209259 -0.073037
v -0.026160 -0.208506 -0.054718
v -0.038272 -0.207686 -0.067355
v -0.024940 -0.209259 -0.080741
v -0.008091 -0.210070 -0.095678
v 0.004975 -0.205338 -0.097015
v 0.007141 -0.205368 -0.093885
v -0.035678 -0.208832 -0.057773
v -0.018460 -0.209259 -0.087958
v -0.015163 -0.182620 -0.064719
v -0.020229 -0.182132 -0.057620
v -0.023656 -0.178539 -0.073013
v -0.028753 -0.177074 -0.065572
v -0.026381 -0.179082 -0.058711
v -0.016815 -0.180920 -0.072133
v -0.015857 -0.184521 -0.065066
v -0.021056 -0.183966 -0.057967
v -0.024431 -0.180365 -0.073223
v -0.029668 -0.178912 -0.065774
v -0.027302 -0.180935 -0.058985
v -0.017508 -0.182804 -0.072418
v 0.012108 -0.213730 0.053583
v 0.007624 -0.192128 0.055976
v -0.006482 -0.213717 0.055212
v -0.005583 -0.192109 0.055893
v 0.012109 -0.213731 0.074325
v 0.007523 -0.191802 0.072236
v -0.006570 -0.213498 0.073161
v -0.006034 -0.190742 0.072100
v 0.012107 -0.203392 0.053583
v -0.006848 -0.203296 0.055143
v -0.006987 -0.202828 0.073302
v 0.012108 -0.203392 0.074325
v 0.034701 -0.204194 0.073791
v 0.034701 -0.213728 0.073791
v 0.031826 -0.213728 0.053251
v 0.031826 -0.204194 0.053251
v 0.044223 -0.203342 0.065928
v 0.046086 -0.206762 0.065667
v 0.045004 -0.206762 0.057937
v 0.043141 -0.203342 0.058198
v -0.011499 -0.213515 0.064179
v -0.008792 -0.191077 0.063852
v 0.012108 -0.213731 0.063954
v 0.013084 -0.190924 0.064110
v 0.016888 -0.198275 0.063954
v -0.011584 -0.202999 0.064181
v 0.033263 -0.213728 0.063521
v 0.033263 -0.199079 0.063521
v 0.045545 -0.206762 0.061802
v 0.043682 -0.203342 0.062063
v 0.009511 -0.181310 0.055543
v -0.001359 -0.179870 0.054371
v 0.008773 -0.179300 0.071438
v -0.002282 -0.177355 0.070246
v -0.006061 -0.177726 0.061786
v 0.014343 -0.180847 0.063900
v 0.021784 -0.203389 0.075203
v 0.021784 -0.213728 0.075203
v 0.021783 -0.203389 0.054462
v 0.021784 -0.213728 0.054462
v 0.021784 -0.213728 0.064833
v 0.024174 -0.198274 0.064833
v -0.006595 -0.209766 0.055198
v -0.006684 -0.209492 0.073201
v 0.012108 -0.210806 0.074325
v 0.012108 -0.210806 0.053583
v 0.034701 -0.211608 0.073791
v 0.031826 -0.211608 0.053251
v 0.045555 -0.205787 0.065742
v 0.044473 -0.205787 0.058011
v 0.045014 -0.205787 0.061877
v -0.011527 -0.210554 0.064188
v 0.021784 -0.210803 0.054462
v 0.021784 -0.210803 0.075203
v 0.012106 -0.209260 0.053770
v 0.031804 -0.210070 0.053436
v 0.044062 -0.205338 0.058166
v 0.021786 -0.209259 0.054649
v -0.006550 -0.208412 0.055346
v -0.006641 -0.208116 0.073067
v 0.012123 -0.209261 0.074138
v 0.034633 -0.210070 0.073617
v 0.045117 -0.205338 0.065706
v 0.044574 -0.205368 0.061938
v -0.011356 -0.208986 0.064193
v 0.021782 -0.209259 0.075016
v 0.008320 -0.180942 0.057066
v -0.000310 -0.179821 0.056111
v 0.007729 -0.179333 0.069743
v -0.001034 -0.177845 0.068772
v -0.004034 -0.178155 0.062019
v 0.012154 -0.180573 0.063747
v 0.007996 -0.182991 0.057289
v -0.000751 -0.181813 0.056413
v 0.007412 -0.181376 0.069966
v -0.001446 -0.179867 0.069071
v -0.004499 -0.180167 0.062357
v 0.011870 -0.182646 0.063949
v 0.052033 0.229516 -0.063312
v 0.047420 0.236303 -0.037958
v 0.076221 0.229336 -0.066978
v 0.078505 0.242361 -0.037975
v 0.049233 0.233133 -0.055942
v 0.077365 0.236579 -0.058445
v 0.062103 0.231125 -0.066404
v 0.061205 0.243614 -0.037841
v 0.061720 0.238111 -0.058000
v 0.046228 0.211628 -0.066767
v 0.037901 0.167754 -0.068392
v 0.034869 0.213601 -0.038493
v 0.069464 0.205552 -0.073636
v 0.037878 0.213492 -0.056023
v 0.032627 0.173411 -0.059225
v 0.048017 0.160787 -0.072022
v 0.060451 0.207513 -0.071803
v 0.038399 0.202797 -0.056765
v 0.036801 0.203161 -0.039934
v 0.058236 0.196880 -0.071951
v 0.066926 0.172668 -0.076951
v 0.044660 0.200680 -0.067214
v 0.078049 0.240962 -0.048757
v 0.047640 0.235391 -0.047182
v 0.061283 0.242188 -0.048412
v 0.031612 0.176311 -0.050454
v 0.035630 0.213711 -0.046676
v 0.037545 0.203228 -0.048142
v 0.049055 0.222620 -0.065170
v 0.060640 0.221674 -0.071168
v 0.042912 0.225065 -0.055370
v 0.074868 0.219698 -0.072164
v 0.040306 0.226823 -0.038170
v 0.040849 0.226277 -0.046324
v 0.090429 0.224371 -0.064992
v 0.094555 0.233533 -0.038305
v 0.092391 0.229485 -0.057472
v 0.083650 0.204794 -0.072336
v 0.074841 0.171558 -0.075293
v 0.094015 0.232141 -0.048452
v 0.089703 0.216390 -0.069865
v 0.060057 0.213637 -0.072154
v 0.036992 0.219492 -0.046620
v 0.047064 0.216379 -0.066558
v 0.039456 0.218747 -0.056013
v 0.072530 0.211682 -0.073916
v 0.036468 0.219603 -0.038342
v 0.087449 0.209988 -0.072648
v 0.034648 0.208259 -0.038787
v 0.059067 0.202623 -0.071719
v 0.036891 0.208094 -0.056054
v 0.068891 0.200321 -0.074372
v 0.045402 0.206542 -0.067093
v 0.034976 0.208217 -0.046829
v 0.080873 0.199695 -0.072489
v 0.039551 0.195938 -0.057942
v 0.045018 0.193249 -0.067783
v 0.035906 0.196320 -0.040320
v 0.057348 0.189335 -0.071014
v 0.037575 0.196546 -0.048996
v 0.110175 0.212391 -0.063347
v 0.112900 0.220140 -0.038770
v 0.110835 0.216211 -0.056808
v 0.112010 0.218456 -0.047834
v 0.052325 0.228168 -0.013058
v 0.076553 0.227800 -0.009688
v 0.049440 0.232174 -0.020191
v 0.077601 0.235490 -0.017833
v 0.062430 0.229613 -0.010001
v 0.061952 0.237039 -0.018014
v 0.046554 0.210119 -0.010500
v 0.043056 0.174396 -0.014286
v 0.069867 0.203692 -0.004236
v 0.038080 0.212554 -0.021031
v 0.036667 0.178885 -0.024168
v 0.055539 0.167318 -0.009428
v 0.060833 0.205745 -0.005856
v 0.038641 0.202207 -0.021973
v 0.058617 0.195119 -0.006252
v 0.067357 0.170677 -0.002658
v 0.044988 0.199163 -0.010622
v 0.078173 0.240387 -0.027279
v 0.047747 0.234898 -0.028799
v 0.061405 0.241624 -0.027364
v 0.033655 0.179093 -0.033133
v 0.035725 0.213272 -0.030326
v 0.037817 0.203101 -0.031721
v 0.049366 0.221182 -0.011538
v 0.061019 0.219920 -0.005734
v 0.043111 0.224147 -0.021121
v 0.075257 0.217898 -0.005010
v 0.040943 0.225841 -0.030065
v 0.090735 0.222953 -0.012102
v 0.092612 0.228464 -0.019358
v 0.084036 0.203009 -0.005739
v 0.075251 0.169659 -0.004465
v 0.094132 0.231600 -0.028241
v 0.090064 0.214722 -0.007655
v 0.060445 0.211841 -0.005173
v 0.037088 0.219049 -0.030088
v 0.047389 0.214875 -0.010463
v 0.039660 0.217803 -0.020778
v 0.072938 0.209798 -0.003663
v 0.087840 0.208180 -0.005193
v 0.059447 0.200866 -0.006186
v 0.037093 0.207162 -0.021277
v 0.069300 0.198428 -0.003775
v 0.045730 0.205024 -0.010437
v 0.035072 0.207785 -0.030506
v 0.081259 0.197908 -0.005827
v 0.040659 0.196167 -0.023441
v 0.045387 0.192065 -0.010981
v 0.057716 0.187634 -0.007582
v 0.038132 0.196667 -0.032392
v 0.110458 0.211084 -0.014614
v 0.111043 0.215250 -0.020946
v 0.112115 0.217973 -0.029801
v 0.053217 0.228124 -0.061696
v 0.048996 0.234442 -0.038017
v 0.075790 0.227835 -0.065103
v 0.077806 0.240024 -0.038034
v 0.050666 0.231459 -0.054895
v 0.076783 0.234569 -0.057191
v 0.062466 0.229592 -0.064541
v 0.061692 0.241225 -0.037908
v 0.062114 0.236038 -0.056776
v 0.047630 0.211351 -0.064790
v 0.038642 0.167702 -0.066080
v 0.037264 0.213139 -0.038520
v 0.069469 0.205594 -0.071197
v 0.040028 0.213016 -0.054975
v 0.034539 0.172187 -0.058538
v 0.048793 0.160771 -0.069710
v 0.061095 0.207457 -0.069451
v 0.038979 0.202069 -0.055321
v 0.038518 0.202745 -0.039742
v 0.058955 0.196820 -0.069622
v 0.066486 0.172501 -0.074557
v 0.046040 0.200498 -0.065211
v 0.077390 0.238704 -0.048112
v 0.049197 0.233578 -0.046686
v 0.061751 0.239876 -0.047792
v 0.033515 0.175071 -0.049765
v 0.037990 0.213229 -0.046291
v 0.039081 0.202764 -0.047500
v 0.050424 0.221674 -0.063387
v 0.061145 0.220876 -0.068919
v 0.044792 0.223863 -0.054385
v 0.074636 0.218862 -0.069884
v 0.042360 0.225507 -0.038218
v 0.042869 0.224972 -0.045914
v 0.089519 0.222840 -0.063324
v 0.093228 0.231486 -0.038352
v 0.091339 0.227657 -0.056248
v 0.083421 0.204932 -0.069911
v 0.074400 0.171390 -0.072899
v 0.092776 0.230114 -0.047899
v 0.089191 0.215513 -0.067647
v 0.060670 0.213409 -0.069804
v 0.039223 0.218591 -0.046220
v 0.048481 0.215869 -0.064640
v 0.041492 0.217910 -0.054962
v 0.072516 0.211512 -0.071482
v 0.038738 0.218711 -0.038379
v 0.087129 0.209686 -0.070248
v 0.036477 0.207757 -0.038659
v 0.059794 0.202432 -0.069398
v 0.039077 0.207759 -0.055025
v 0.068516 0.200183 -0.071965
v 0.046776 0.206274 -0.065096
v 0.037273 0.207864 -0.046426
v 0.080515 0.199566 -0.070079
v 0.041947 0.195369 -0.057000
v 0.045112 0.192945 -0.065358
v 0.038375 0.195842 -0.040301
v 0.058021 0.189231 -0.068673
v 0.040022 0.195950 -0.048495
v 0.108977 0.210702 -0.062058
v 0.111433 0.218191 -0.038814
v 0.109636 0.214522 -0.055519
v 0.110573 0.216531 -0.047408
v 0.053489 0.226866 -0.014760
v 0.076100 0.226402 -0.011635
v 0.050861 0.230560 -0.021343
v 0.077004 0.233550 -0.019186
v 0.062771 0.228182 -0.011947
v 0.062331 0.235035 -0.019352
v 0.047934 0.209950 -0.012504
v 0.043361 0.173782 -0.016554
v 0.069843 0.203864 -0.006669
v 0.040219 0.212135 -0.022128
v 0.038443 0.177476 -0.024662
v 0.055784 0.166667 -0.011663
v 0.061451 0.205815 -0.008215
v 0.039178 0.201272 -0.022624
v 0.059309 0.195184 -0.008590
v 0.066889 0.170637 -0.005052
v 0.046344 0.199088 -0.012647
v 0.077506 0.238166 -0.028037
v 0.049297 0.233115 -0.029409
v 0.061865 0.239348 -0.028112
v 0.035419 0.177663 -0.033624
v 0.038080 0.212813 -0.030764
v 0.039256 0.202586 -0.031879
v 0.050714 0.220333 -0.013385
v 0.061498 0.219243 -0.008028
v 0.044979 0.223000 -0.022191
v 0.074999 0.217185 -0.007329
v 0.042958 0.224560 -0.030567
v 0.089806 0.221514 -0.013838
v 0.091545 0.226703 -0.020667
v 0.083779 0.203277 -0.008150
v 0.074783 0.169620 -0.006859
v 0.092887 0.229604 -0.028888
v 0.089526 0.213966 -0.009911
v 0.061031 0.211739 -0.007539
v 0.039314 0.218171 -0.030562
v 0.048784 0.214469 -0.012423
v 0.041684 0.217024 -0.021895
v 0.072895 0.209759 -0.006102
v 0.087492 0.208007 -0.007601
v 0.060147 0.200800 -0.008522
v 0.039266 0.206882 -0.022348
v 0.068897 0.198420 -0.006181
v 0.047081 0.204863 -0.012461
v 0.037363 0.207448 -0.030907
v 0.080873 0.197908 -0.008236
v 0.042880 0.195546 -0.024305
v 0.045417 0.191539 -0.012894
v 0.058362 0.187656 -0.009933
v 0.040511 0.196045 -0.032834
v 0.109244 0.209467 -0.015979
v 0.109829 0.213632 -0.022310
v 0.110672 0.216073 -0.030312
v -0.014725 -0.178187 -0.062111
v -0.020832 -0.173925 -0.068370
v -0.018718 -0.176701 -0.058197
v -0.016089 -0.175932 -0.071605
v -0.011614 -0.179045 -0.066904
v -0.023459 -0.173404 -0.062929
v -0.021209 -0.175017 -0.060388
v 0.006865 -0.175624 0.057826
v 0.006249 -0.174006 0.066652
v 0.001640 -0.174352 0.057845
v 0.011550 -0.175445 0.065659
v 0.011981 -0.176633 0.059128
v 0.001140 -0.173105 0.064616
v 0.001199 -0.173688 0.061192
v 0.002703 0.014813 -0.081902
v 0.009677 0.066368 -0.152184
v -0.044670 0.066756 -0.121197
v 0.016161 0.019234 -0.094866
v 0.029492 0.026464 -0.109820
v -0.021240 0.079108 -0.147878
v -0.048202 0.043532 -0.091741
v 0.033972 0.048733 -0.138738
v -0.026859 0.023601 -0.080806
v 0.008116 0.063744 0.079128
v 0.009695 0.140647 0.122845
v -0.040185 0.127763 0.087390
v 0.020743 0.074533 0.091201
v 0.032690 0.087739 0.103778
v -0.019428 0.150437 0.109875
v -0.042137 0.092089 0.070014
v 0.034390 0.119433 0.121208
v -0.021182 0.069206 0.070388
vn -0.7641 0.5820 -0.2781
vn -0.9642 -0.0666 -0.2567
vn 0.9473 -0.2610 -0.1857
vn 0.6858 0.4726 -0.5534
vn -0.9329 -0.1614 -0.3218
vn 0.6345 -0.6230 -0.4574
vn -0.7460 0.5718 -0.3414
vn 0.0090 0.7729 -0.6345
vn 0.9329 -0.3071 -0.1883
vn 0.9551 -0.2940 -0.0354
vn -0.2382 0.8270 -0.5092
vn 0.6966 0.4699 -0.5421
vn 0.0396 0.7387 -0.6729
vn 0.9466 0.2596 -0.1911
vn -0.2927 0.9117 -0.2884
vn -0.9750 -0.0022 -0.2223
vn -0.7678 0.6009 -0.2222
vn -0.7406 0.6718 -0.0107
vn -0.9814 0.1119 0.1558
vn 0.9652 -0.1774 0.1923
vn 0.7046 0.6964 0.1362
vn -0.9162 0.1135 0.3843
vn 0.5771 -0.6407 0.5065
vn -0.7269 0.6385 0.2527
vn 0.0383 0.9912 0.1266
vn 0.8277 -0.5231 0.2032
vn 0.9708 -0.1987 0.1348
vn -0.1702 0.9854 0.0021
vn 0.7719 0.6344 0.0407
vn 0.2359 0.9710 -0.0397
vn 0.9605 -0.1086 0.2562
vn -0.2796 0.9502 -0.1374
vn -0.9911 0.1054 0.0815
vn -0.7481 0.6606 -0.0633
vn 0.7647 -0.5820 0.2765
vn 0.9926 -0.0177 0.1202
vn -0.9472 0.2628 0.1839
vn -0.6250 -0.4518 0.6366
vn 0.9324 0.1631 0.3225
vn -0.5434 0.8297 0.1275
vn 0.7682 -0.3797 0.5155
vn -0.0096 -0.7723 0.6352
vn -0.8223 0.5655 -0.0633
vn -0.9632 0.2437 0.1134
vn 0.2381 -0.8275 0.5085
vn -0.7214 -0.4451 0.5305
vn -0.1326 -0.7892 0.5996
vn -0.9795 0.0348 0.1985
vn 0.2954 -0.9107 0.2886
vn 0.9937 -0.0802 0.0779
vn 0.7545 -0.6342 0.1688
vn 0.7414 -0.6710 0.0123
vn 0.9818 -0.1114 -0.1535
vn -0.9648 0.1808 -0.1911
vn -0.7457 -0.6634 -0.0616
vn 0.9162 -0.1126 -0.3846
vn -0.6995 0.3173 -0.6403
vn 0.7254 -0.6884 -0.0016
vn -0.1264 -0.9919 -0.0092
vn -0.9107 0.3596 -0.2032
vn -0.9561 0.2792 -0.0893
vn 0.1726 -0.9850 0.0002
vn -0.7729 -0.6332 -0.0419
vn -0.1101 -0.9878 -0.1101
vn -0.9547 -0.2370 0.1802
vn 0.2822 -0.9493 0.1383
vn 0.9906 -0.1037 -0.0889
vn 0.7484 -0.6602 0.0633
vn 0.0891 -0.9782 0.1876
vn 0.3841 -0.7275 -0.5686
vn -0.2126 -0.7224 -0.6580
vn 0.2776 -0.6302 -0.7251
vn 0.5866 -0.3025 -0.7513
vn -0.2410 -0.6503 -0.7204
vn -0.3953 -0.2945 -0.8701
vn -0.3442 -0.1514 -0.9266
vn -0.5664 -0.7728 0.2863
vn -0.7531 -0.6571 0.0311
vn 0.0725 -0.9590 0.2738
vn 0.9814 0.1387 -0.1328
vn 0.3132 0.9473 0.0673
vn 0.4186 0.5083 0.7526
vn -0.0671 0.4594 0.8857
vn 0.9974 0.0417 0.0596
vn 0.1669 -0.9836 0.0687
vn 0.4693 -0.5279 0.7079
vn -0.0647 -0.0482 0.9967
vn 0.2677 -0.0286 0.9631
vn 0.4170 0.0247 0.9086
vn -0.1531 -0.0587 0.9865
vn -0.3003 0.3108 0.9018
vn -0.3665 0.4437 0.8178
vn -0.5731 -0.7924 0.2091
vn -0.6126 -0.5922 0.5235
vn 0.1113 -0.9931 0.0377
vn 0.9669 0.1514 -0.2052
vn -0.3282 0.6915 -0.6436
vn 0.2651 0.0033 -0.9642
vn 0.0573 0.0308 -0.9979
vn 0.9573 0.0893 -0.2750
vn -0.7690 0.5798 -0.2691
vn 0.9193 -0.3676 -0.1407
vn 0.3306 -0.2436 -0.9118
vn -0.8745 -0.2703 -0.4028
vn -0.7065 -0.6314 -0.3197
vn 0.3513 -0.4015 -0.8458
vn -0.9394 0.3148 0.1355
vn -0.9342 -0.0307 -0.3554
vn 0.6071 -0.6894 0.3951
vn -0.1156 -0.4538 -0.8836
vn -0.1811 0.1436 -0.9729
vn 0.0591 0.4453 -0.8934
vn 0.9550 -0.2382 -0.1766
vn 0.6953 0.5179 -0.4983
vn -0.9237 -0.1967 -0.3289
vn -0.0326 -0.1963 -0.9800
vn 0.5878 -0.7114 -0.3852
vn -0.7967 0.5392 -0.2729
vn 0.0163 0.7935 -0.6084
vn -0.1290 -0.5146 -0.8477
vn -0.6544 -0.3266 0.6820
vn -0.7411 0.5379 -0.4018
vn -0.1571 -0.6241 0.7654
vn 0.5734 0.1807 -0.7991
vn 0.8994 -0.4345 -0.0474
vn 0.5597 -0.8211 -0.1121
vn 0.9367 -0.3190 -0.1440
vn 0.9400 -0.3411 0.0126
vn -0.0918 0.7430 -0.6630
vn 0.6926 0.5040 -0.5160
vn 0.0780 0.7904 -0.6077
vn 0.8895 0.3428 -0.3023
vn 0.9688 -0.2478 -0.0057
vn -0.2033 -0.2100 -0.9563
vn 0.3163 -0.1606 -0.9350
vn -0.8398 -0.3378 -0.4250
vn 0.7447 -0.6660 -0.0429
vn -0.1477 -0.3500 -0.9250
vn 0.3191 -0.2384 -0.9172
vn -0.3724 -0.9263 -0.0571
vn 0.2671 -0.9309 0.2494
vn -0.2034 -0.9189 0.3381
vn -0.5986 -0.7999 0.0428
vn 0.0532 0.5631 -0.8246
vn -0.8199 0.4110 -0.3985
vn 0.5506 -0.8347 -0.0073
vn -0.1463 -0.8371 0.5272
vn -0.9806 -0.1219 -0.1538
vn 0.5622 0.3542 -0.7473
vn 0.7752 -0.5160 -0.3644
vn 0.9582 0.2779 -0.0673
vn -0.2475 -0.0845 -0.9652
vn 0.3510 0.4308 -0.8314
vn -0.7699 0.3652 -0.5233
vn 0.1826 -0.1978 0.9631
vn 0.3617 -0.3419 0.8673
vn -0.9147 -0.3877 0.1145
vn -0.7893 0.4515 0.4163
vn 0.9367 0.3176 -0.1471
vn -0.1262 0.1398 -0.9821
vn 0.9859 -0.1293 -0.1060
vn 0.2417 0.1187 -0.9631
vn -0.2443 -0.0146 -0.9696
vn 0.0305 -0.6872 0.7258
vn -0.7852 -0.5399 -0.3033
vn 0.2773 -0.5982 0.7518
vn 0.6587 -0.2099 0.7226
vn -0.4332 0.2024 -0.8783
vn 0.6356 -0.1734 -0.7523
vn 0.8067 -0.2509 0.5351
vn -0.6151 0.2643 0.7429
vn -0.8066 0.3408 -0.4829
vn -0.3907 0.1244 -0.9121
vn -0.9379 -0.3469 -0.0053
vn 0.3576 -0.2225 0.9070
vn 0.1308 0.3172 -0.9393
vn -0.5722 0.3684 -0.7327
vn 0.1236 -0.2965 0.9470
vn -0.1064 -0.7789 -0.6180
vn -0.4541 -0.7371 -0.5004
vn -0.4383 -0.5876 -0.6802
vn -0.3058 -0.8484 -0.4322
vn -0.1408 -0.7263 -0.6728
vn -0.3432 -0.6078 -0.7162
vn -0.1908 -0.8561 -0.4802
vn -0.4785 -0.6805 -0.5550
vn 0.5952 0.0859 -0.7989
vn 0.6712 -0.6311 0.3887
vn 0.0741 0.3539 -0.9323
vn -0.6407 -0.2450 0.7277
vn -0.1207 -0.5660 0.8155
vn -0.6617 0.5427 -0.5173
vn 0.8707 -0.4642 -0.1622
vn -0.9676 0.2503 0.0343
vn 0.8008 0.5909 -0.0975
vn 0.9242 0.2998 -0.2367
vn 0.3651 0.9256 0.0997
vn 0.6226 0.7473 0.2321
vn -0.3789 -0.2872 -0.8797
vn -0.7055 0.4696 -0.5308
vn 0.9144 0.3793 -0.1417
vn -0.3107 -0.2081 -0.9274
vn 0.4118 0.4120 -0.8128
vn 0.0500 -0.3775 -0.9247
vn 0.8481 0.3052 -0.4331
vn 0.0392 0.9927 -0.1140
vn 0.5528 0.8279 -0.0947
vn 0.4703 0.6184 -0.6297
vn 0.0581 0.7633 -0.6434
vn 0.8764 -0.1300 -0.4637
vn 0.4301 -0.2066 -0.8788
vn -0.7738 0.5881 -0.2354
vn -0.0025 0.4573 -0.8893
vn -0.8928 -0.2056 -0.4007
vn 0.1933 0.3775 -0.9056
vn -0.3096 0.7428 -0.5936
vn -0.4614 0.8838 -0.0773
vn -0.2859 0.0500 -0.9569
vn -0.7999 -0.1424 -0.5830
vn 0.7262 0.4384 -0.5295
vn 0.4568 0.7416 -0.4913
vn 0.9104 -0.1492 -0.3858
vn 0.5441 -0.0839 -0.8348
vn 0.3979 -0.0152 -0.9173
vn -0.9968 0.0778 -0.0188
vn -0.9968 0.0180 -0.0783
vn 0.6340 0.3885 -0.6687
vn 0.2567 -0.0936 -0.9619
vn 0.7225 0.0301 -0.6908
vn -0.3545 0.0137 -0.9350
vn -0.3996 0.4045 -0.8226
vn 0.6696 -0.3753 -0.6410
vn 0.3845 -0.8323 -0.3992
vn 0.6641 0.3795 -0.6442
vn 0.8083 -0.0506 -0.5866
vn 0.4096 -0.2618 -0.8739
vn -0.7679 0.1830 -0.6138
vn -0.3309 0.0906 -0.9393
vn -0.8544 0.1225 -0.5050
vn 0.0040 -0.9416 -0.3367
vn 0.3556 0.0532 -0.9331
vn -0.3243 -0.8867 -0.3294
vn -0.9989 -0.0441 -0.0178
vn -0.9775 -0.1321 -0.1646
vn 0.9679 -0.0729 -0.2404
vn 0.9028 0.2884 0.3189
vn 0.9143 0.2320 -0.3319
vn 0.9405 -0.0531 -0.3357
vn 0.3146 0.8880 -0.3354
vn -0.4055 0.8457 -0.3469
vn -0.9644 -0.2157 0.1527
vn -0.7869 0.6122 -0.0771
vn 0.5240 0.7803 -0.3415
vn 0.0531 0.9148 -0.4004
vn 0.8763 0.4080 -0.2563
vn 0.8710 0.0525 -0.4884
vn -0.9698 0.2067 -0.1292
vn 0.5567 0.8036 -0.2104
vn 0.8269 0.5211 -0.2116
vn 0.6716 -0.6302 -0.3895
vn 0.5676 0.5509 -0.6118
vn 0.6648 0.7470 0.0037
vn 0.6336 0.7669 -0.1016
vn 0.6877 -0.6547 -0.3138
vn 0.7421 0.6074 -0.2835
vn 0.9068 -0.3147 -0.2806
vn -0.8511 0.5223 -0.0535
vn -0.3347 0.3036 -0.8921
vn 0.6585 -0.4117 -0.6300
vn -0.0948 0.1412 -0.9854
vn -0.8262 0.5087 -0.2420
vn 0.3344 0.0987 -0.9372
vn 0.9744 -0.1185 -0.1911
vn -0.7183 0.3788 -0.5835
vn 0.1715 0.1347 -0.9759
vn 0.3902 0.8333 -0.3917
vn 0.5266 -0.2418 -0.8150
vn 0.4337 0.0016 -0.9010
vn 0.0659 -0.1969 -0.9782
vn 0.0729 -0.9196 -0.3860
vn 0.3592 0.6722 -0.6474
vn 0.4430 0.8871 -0.1300
vn 0.0879 -0.4743 -0.8759
vn 0.2875 0.4346 -0.8535
vn -0.4065 -0.1229 -0.9053
vn 0.3046 -0.2843 -0.9090
vn 0.1389 0.9508 -0.2771
vn -0.3107 0.2911 -0.9048
vn 0.8924 -0.0899 -0.4422
vn 0.8420 0.1118 -0.5278
vn 0.4040 0.7830 0.4729
vn 0.7593 0.6372 -0.1321
vn 0.4382 0.8355 -0.3316
vn 0.8327 0.5521 0.0428
vn 0.1575 -0.9854 -0.0642
vn -0.2088 0.9472 0.2435
vn 0.6176 0.7865 0.0064
vn 0.4066 -0.9135 -0.0123
vn -0.1762 0.9495 0.2595
vn 0.5921 0.0898 -0.8008
vn 0.5113 -0.8594 -0.0043
vn 0.4653 0.1051 -0.8789
vn 0.9025 -0.0590 -0.4266
vn 0.9922 -0.0871 -0.0896
vn 0.8171 0.1636 -0.5528
vn 0.4038 0.6821 -0.6097
vn 0.6346 0.7565 -0.1580
vn 0.8572 -0.1745 -0.4846
vn 0.5453 -0.7992 -0.2530
vn 0.9524 0.1033 0.2868
vn 0.9801 -0.1473 -0.1331
vn -0.2210 0.9689 0.1115
vn 0.6535 0.6825 -0.3272
vn -0.2521 -0.9144 -0.3167
vn -0.1400 0.3815 -0.9137
vn 0.2485 -0.1372 -0.9589
vn -0.7469 0.2504 -0.6160
vn 0.1683 -0.9798 0.1082
vn 0.0935 -0.7076 -0.7005
vn -0.9369 0.2643 -0.2288
vn -0.1741 -0.0219 -0.9845
vn 0.1558 -0.9201 -0.3594
vn -0.3604 -0.0240 -0.9325
vn -0.9514 0.2982 -0.0772
vn 0.1557 -0.9530 -0.2598
vn -0.9391 0.3432 -0.0195
vn -0.9470 0.3081 -0.0905
vn -0.1926 -0.6384 -0.7452
vn 0.1384 -0.8942 -0.4257
vn -0.9293 0.1922 -0.3152
vn -0.4269 -0.1700 -0.8882
vn 0.6173 -0.7794 -0.1070
vn -0.1823 -0.4102 -0.8936
vn -0.7817 -0.4558 -0.4256
vn 0.2856 -0.5794 -0.7634
vn -0.7599 0.4694 -0.4497
vn -0.1562 -0.8514 -0.5006
vn 0.4206 -0.9066 0.0333
vn 0.9607 -0.0721 -0.2679
vn 0.3015 -0.6558 -0.6921
vn 0.7082 -0.6245 0.3293
vn -0.9861 0.1660 -0.0022
vn 0.8165 -0.0271 -0.5767
vn -0.2355 0.4558 -0.8584
vn 0.3945 0.0926 -0.9142
vn 0.4335 0.0859 -0.8971
vn 0.4300 -0.6443 -0.6324
vn 0.5680 0.4084 -0.7146
vn 0.7522 0.6482 -0.1185
vn -0.9954 -0.0441 -0.0855
vn 0.8219 -0.5392 -0.1837
vn 0.9145 -0.2713 -0.3003
vn -0.3267 0.1113 -0.9386
vn -0.8006 0.0863 -0.5929
vn 0.3528 -0.0791 -0.9323
vn -0.9925 -0.1214 -0.0141
vn 0.3279 0.3805 -0.8647
vn 0.5451 -0.8383 -0.0143
vn 0.4360 0.0853 -0.8959
vn -0.1649 -0.9010 0.4014
vn -0.8220 0.1674 -0.5443
vn -0.6224 -0.6846 0.3793
vn -0.0501 0.3341 -0.9412
vn 0.4355 -0.8987 0.0526
vn -0.9591 -0.1817 -0.2169
vn 0.8154 -0.4778 -0.3267
vn -0.8734 -0.4477 -0.1919
vn 0.4477 0.6978 -0.5592
vn 0.8539 0.4737 -0.2155
vn -0.5214 0.2489 0.8162
vn -0.7478 -0.6635 -0.0213
vn -0.7586 0.3980 0.5159
vn -0.9979 -0.0034 -0.0640
vn -0.3667 -0.8761 -0.3131
vn -0.7888 -0.5868 0.1832
vn -0.2059 0.9225 -0.3265
vn -0.9699 -0.0069 -0.2436
vn -0.7857 -0.6056 -0.1262
vn -0.9312 -0.2720 -0.2426
vn -0.7722 0.6028 -0.2008
vn -0.5556 0.2466 0.7940
vn -0.7604 0.4851 -0.4318
vn -0.6100 0.3264 0.7221
vn 0.5234 -0.4786 0.7049
vn 0.5758 -0.3373 -0.7447
vn -0.4077 0.3346 -0.8496
vn 0.3851 -0.3466 0.8553
vn -0.5666 0.2017 0.7989
vn -0.7888 0.4641 -0.4030
vn -0.6117 0.2701 0.7436
vn 0.6197 -0.5973 0.5092
vn 0.5109 -0.3811 -0.7705
vn -0.4638 0.3218 -0.8255
vn 0.5217 -0.4714 0.7110
vn 0.0357 -0.3736 -0.9269
vn 0.7757 -0.1641 -0.6094
vn -0.4060 -0.1227 -0.9056
vn 0.6073 0.0960 -0.7886
vn 0.8702 0.3669 -0.3289
vn 0.9522 -0.2263 -0.2050
vn -0.9849 -0.0262 -0.1712
vn -0.9971 -0.0667 0.0360
vn 0.2580 0.1699 -0.9511
vn -0.7919 -0.0839 -0.6049
vn -0.3452 0.0666 -0.9362
vn 0.8288 -0.3342 -0.4487
vn 0.3787 -0.0471 -0.9243
vn -0.9954 0.0484 -0.0822
vn 0.6027 -0.7965 -0.0486
vn 0.7353 0.1361 -0.6640
vn 0.4803 -0.4577 -0.7482
vn 0.7995 0.4552 -0.3919
vn 0.2479 -0.9299 -0.2718
vn 0.7256 0.6801 -0.1044
vn 0.7802 0.6220 -0.0660
vn 0.2042 -0.9190 -0.3372
vn 0.3903 -0.2784 0.8776
vn 0.3545 -0.2018 0.9130
vn 0.2059 -0.1438 0.9680
vn 0.1182 -0.2666 0.9565
vn 0.9114 -0.2922 -0.2898
vn 0.9617 0.2102 -0.1760
vn -0.5056 0.3156 -0.8030
vn -0.4926 0.1181 -0.8622
vn 0.0503 0.1268 -0.9907
vn 0.0658 0.2724 -0.9599
vn -0.7961 0.4909 0.3539
vn -0.9075 -0.3571 0.2213
vn -0.8061 0.5214 0.2799
vn -0.9399 -0.3228 0.1112
vn 0.7648 -0.4580 -0.4531
vn 0.0439 -0.3172 0.9473
vn 0.2047 0.3309 -0.9212
vn 0.2880 -0.2465 0.9254
vn -0.9408 -0.3281 -0.0850
vn -0.3211 0.1464 -0.9357
vn 0.9520 0.2979 -0.0708
vn -0.9260 -0.3747 0.0462
vn 0.2686 -0.2529 0.9295
vn -0.2514 0.2223 -0.9420
vn 0.6953 -0.4152 -0.5866
vn 0.4392 -0.3898 0.8094
vn -0.7223 0.4051 0.5604
vn -0.6663 0.4260 -0.6120
vn -0.6790 0.3416 0.6498
vn 0.6392 -0.6320 -0.4382
vn 0.8291 -0.4297 -0.3576
vn 0.9643 -0.1482 -0.2192
vn 0.2659 -0.9076 -0.3249
vn 0.9399 -0.0289 -0.3402
vn 0.9245 -0.2737 -0.2653
vn 0.9007 -0.3833 -0.2046
vn 0.8699 -0.4249 -0.2507
vn -0.7498 0.6615 -0.0130
vn 0.8683 -0.2740 0.4136
vn 0.1373 0.3205 0.9372
vn -0.9334 -0.1813 0.3096
vn -0.7270 -0.6141 0.3070
vn 0.2479 -0.3895 0.8871
vn -0.8898 0.2383 -0.3893
vn -0.9583 0.1241 0.2572
vn 0.6285 -0.7770 0.0371
vn -0.3434 -0.0384 0.9384
vn -0.3056 0.0553 0.9505
vn -0.0353 0.7580 0.6513
vn 0.9704 -0.1307 0.2029
vn 0.6638 0.7288 0.1682
vn -0.8513 0.0550 0.5219
vn -0.1806 -0.3542 0.9176
vn 0.5219 -0.6795 0.5157
vn -0.7888 0.6107 -0.0696
vn 0.0451 0.9938 0.1019
vn -0.1669 -0.1473 0.9749
vn -0.6296 -0.5849 -0.5114
vn -0.8031 0.5730 0.1635
vn -0.0639 -0.9284 -0.3659
vn 0.4661 0.4855 0.7396
vn 0.8036 -0.5683 0.1770
vn 0.5136 -0.7714 0.3757
vn 0.8618 -0.3413 0.3752
vn 0.9732 -0.1755 0.1489
vn 0.0668 0.9629 0.2615
vn 0.8259 0.5546 -0.1016
vn 0.5837 0.8060 -0.0984
vn 0.9034 0.0201 0.4283
vn 0.9566 -0.0873 0.2781
vn -0.3135 -0.2122 0.9256
vn 0.2579 -0.1985 0.9456
vn -0.8034 -0.4182 0.4238
vn 0.7221 -0.6632 0.1967
vn -0.1359 -0.4303 0.8924
vn 0.2942 -0.2967 0.9085
vn -0.2995 -0.9535 0.0342
vn 0.3511 -0.9363 0.0038
vn 0.1724 -0.9838 0.0493
vn -0.3962 -0.4031 0.8249
vn 0.0676 0.9150 0.3977
vn -0.8289 0.5573 0.0480
vn 0.4810 -0.7239 0.4946
vn -0.2133 -0.8153 0.5383
vn -0.9778 -0.0031 0.2096
vn 0.5193 0.6999 0.4904
vn 0.7705 -0.2608 0.5816
vn 0.9358 0.2802 0.2139
vn -0.3515 -0.0976 0.9311
vn 0.2292 0.1509 0.9616
vn -0.7870 0.3822 0.4842
vn -0.0102 -0.1612 -0.9869
vn 0.2286 -0.2323 -0.9454
vn -0.8812 -0.4660 -0.0799
vn -0.9456 0.3118 -0.0930
vn 0.9162 0.4002 0.0209
vn 0.1772 0.0950 0.9796
vn 0.9973 0.0260 0.0682
vn 0.2059 0.0936 0.9741
vn -0.2872 -0.0867 0.9539
vn 0.1123 -0.5877 -0.8013
vn -0.6941 -0.6512 0.3068
vn 0.3411 -0.4752 -0.8111
vn -0.0141 -0.0373 -0.9992
vn 0.1949 0.0415 0.9799
vn 0.9791 -0.1792 0.0960
vn 0.2316 -0.0797 -0.9695
vn -0.9603 0.2721 -0.0623
vn -0.3346 0.1825 0.9245
vn -0.3516 0.0749 0.9331
vn -0.8973 -0.4390 0.0461
vn 0.2497 -0.1821 -0.9510
vn 0.1545 0.3107 0.9379
vn -0.3534 0.2650 0.8972
vn 0.0228 -0.2902 -0.9567
vn -0.2297 -0.4670 0.8539
vn -0.5569 -0.4846 0.6746
vn -0.5508 -0.2799 0.7863
vn -0.3559 -0.6010 0.7157
vn -0.2655 -0.3988 0.8778
vn -0.4656 -0.2723 0.8421
vn -0.3087 -0.5944 0.7425
vn -0.6036 -0.3746 0.7038
vn 0.4668 0.3586 0.8084
vn 0.6891 -0.7247 -0.0014
vn -0.0334 0.7358 0.6764
vn -0.5244 -0.4790 -0.7040
vn -0.0052 -0.7874 -0.6164
vn -0.7009 0.6982 0.1456
vn 0.8117 -0.3444 0.4718
vn -0.8847 0.2876 -0.3669
vn 0.7847 0.4512 -0.4251
vn 0.9351 0.2901 -0.2037
vn 0.4203 0.7887 -0.4486
vn 0.7232 0.5210 -0.4535
vn -0.6456 -0.4679 0.6035
vn -0.6902 0.5072 0.5161
vn 0.9161 0.3714 0.1512
vn -0.1955 -0.4491 0.8718
vn 0.4154 0.3750 0.8287
vn -0.3553 0.0442 0.9337
vn 0.3864 -0.0930 0.9176
vn 0.0408 0.9852 0.1665
vn 0.5712 0.8047 0.1618
vn 0.4777 0.5839 0.6564
vn 0.0463 0.7492 0.6608
vn 0.9778 0.0454 0.2044
vn 0.4337 -0.2577 0.8634
vn -0.7708 0.5744 0.2755
vn 0.0080 0.4090 0.9125
vn -0.9123 -0.3721 0.1713
vn 0.6362 0.6927 0.3397
vn -0.3931 0.7504 0.5313
vn -0.4602 0.8783 0.1299
vn -0.5932 -0.3241 0.7370
vn -0.7281 -0.3989 0.5574
vn 0.7324 0.4097 0.5438
vn 0.4398 0.8980 -0.0141
vn 0.9925 0.0365 0.1164
vn 0.8907 0.3194 0.3234
vn 0.4085 -0.0642 0.9105
vn -0.9991 0.0414 0.0004
vn -0.9951 -0.0170 0.0971
vn 0.5739 0.4650 0.6741
vn 0.3472 0.0440 0.9368
vn 0.8715 0.2165 0.4401
vn -0.4191 -0.3204 0.8495
vn -0.3899 0.3598 0.8477
vn 0.2621 -0.7070 0.6569
vn 0.4625 -0.8273 0.3190
vn 0.6716 0.3446 0.6559
vn 0.8150 -0.0817 0.5737
vn 0.6749 -0.3935 0.6242
vn -0.7607 0.1496 0.6316
vn -0.3558 -0.1026 0.9289
vn -0.8944 0.0814 0.4397
vn -0.0149 -0.9531 0.3023
vn 0.2858 -0.2568 0.9232
vn -0.1975 -0.8713 0.4494
vn -0.9960 -0.0516 0.0723
vn -0.9752 -0.1085 0.1930
vn 0.9706 -0.0854 0.2249
vn 0.8992 0.3053 -0.3135
vn 0.9180 0.2121 0.3351
vn 0.9443 -0.0707 0.3215
vn 0.5457 0.8269 -0.1359
vn -0.4549 0.8317 0.3184
vn -0.9554 -0.2884 0.0637
vn -0.7779 0.6200 0.1022
vn 0.5281 0.7610 0.3767
vn 0.0372 0.9074 0.4186
vn 0.8793 0.3939 0.2676
vn 0.8766 0.0265 0.4804
vn -0.9928 -0.0201 0.1178
vn 0.5593 0.7914 0.2467
vn 0.8294 0.5093 0.2296
vn 0.6759 -0.6500 0.3474
vn 0.6339 0.4061 0.6582
vn 0.6531 0.7571 0.0170
vn 0.6350 0.7606 0.1352
vn 0.6910 -0.6704 0.2703
vn 0.7839 0.5984 -0.1656
vn 0.9080 -0.2919 0.3004
vn -0.8604 0.4972 0.1116
vn -0.3243 0.2552 0.9109
vn 0.6844 -0.2607 0.6809
vn -0.0833 0.0882 0.9926
vn -0.8218 0.4991 0.2749
vn 0.3453 0.0485 0.9372
vn 0.9662 -0.2521 0.0545
vn -0.7022 0.4348 0.5638
vn 0.1822 0.0937 0.9788
vn 0.3950 0.8112 0.4312
vn 0.5359 -0.2850 0.7947
vn 0.4441 -0.0465 0.8947
vn 0.0407 -0.2516 0.9670
vn -0.0092 -0.8897 0.4565
vn 0.3552 0.6613 0.6607
vn 0.4412 0.8821 0.1653
vn -0.0189 -0.3949 0.9185
vn 0.3013 0.3785 0.8752
vn -0.4108 -0.2864 0.8656
vn 0.4093 -0.2322 0.8823
vn 0.1508 0.9350 0.3211
vn -0.3001 0.2421 0.9227
vn 0.9048 -0.1486 0.3991
vn 0.8481 0.0836 0.5233
vn 0.6266 0.5450 -0.5571
vn 0.7720 0.6034 -0.2000
vn 0.4881 0.8414 -0.2321
vn 0.5700 0.8188 -0.0686
vn 0.1519 -0.9883 0.0145
vn -0.2113 0.9588 -0.1899
vn 0.6177 0.7859 0.0286
vn 0.5086 -0.8610 0.0066
vn -0.3774 0.2671 -0.8867
vn 0.5878 -0.0092 0.8090
vn 0.1576 -0.9840 -0.0834
vn 0.4755 0.0581 0.8778
vn 0.9074 -0.0815 0.4124
vn 0.7118 -0.0761 0.6982
vn 0.8235 0.1340 0.5513
vn 0.3179 0.8135 0.4870
vn 0.6366 0.7472 0.1909
vn 0.5258 -0.7675 0.3667
vn 0.6731 -0.6565 0.3404
vn 0.8864 0.3859 0.2557
vn 0.9603 -0.2357 0.1493
vn -0.2220 0.9734 -0.0569
vn 0.6575 0.6642 0.3557
vn 0.0134 -0.9956 0.0928
vn 0.1880 -0.2356 0.9535
vn 0.2596 -0.1883 0.9472
vn -0.7396 0.2168 0.6372
vn 0.1668 -0.9725 -0.1625
vn 0.1013 -0.7440 0.6604
vn -0.9341 0.2514 0.2535
vn -0.1627 -0.0746 0.9839
vn 0.2119 -0.9019 0.3763
vn -0.3697 0.0610 0.9272
vn -0.9503 0.2933 0.1041
vn 0.1584 -0.9655 0.2065
vn -0.9461 0.3179 0.0622
vn -0.8914 0.3923 0.2269
vn -0.1336 -0.3485 0.9278
vn 0.3103 -0.7834 0.5385
vn -0.2553 0.7929 0.5533
vn -0.3665 0.1410 0.9197
vn 0.5970 -0.7230 0.3475
vn -0.3045 -0.3779 0.8743
vn -0.8563 -0.3927 0.3354
vn 0.2124 -0.4791 0.8517
vn -0.7493 0.6587 0.0677
vn -0.2709 -0.5805 0.7679
vn 0.2989 -0.7526 0.5867
vn 0.8513 -0.4686 0.2358
vn 0.1724 -0.5879 0.7903
vn 0.7102 -0.7013 0.0617
vn -0.9851 0.1708 0.0193
vn 0.8231 -0.0577 0.5649
vn -0.2254 0.4091 0.8842
vn 0.4051 0.0436 0.9132
vn 0.4522 0.0238 0.8916
vn 0.4371 -0.6771 0.5919
vn 0.5840 0.3540 0.7305
vn 0.7537 0.6411 0.1444
vn -0.9861 -0.1428 0.0850
vn 0.8238 -0.5480 0.1450
vn 0.7784 -0.4427 0.4450
vn -0.3158 0.0608 0.9469
vn -0.8128 -0.0576 0.5797
vn 0.3636 -0.1288 0.9226
vn -0.9732 -0.2278 0.0310
vn 0.4314 0.0415 0.9012
vn 0.5134 -0.7258 0.4579
vn 0.3294 0.4551 0.8272
vn -0.1710 -0.9194 0.3541
vn -0.8649 0.3812 0.3266
vn -0.5944 -0.6973 0.4005
vn -0.1087 0.7205 0.6849
vn 0.3664 -0.7711 0.5208
vn -0.7171 -0.1404 0.6827
vn 0.7711 -0.2606 0.5809
vn -0.8931 -0.4342 0.1176
vn 0.5521 0.8333 0.0284
vn 0.9182 0.2852 -0.2748
vn -0.9463 0.2710 -0.1761
vn -0.6455 -0.7637 -0.0074
vn -0.9308 0.2892 -0.2235
vn -0.9940 -0.0076 -0.1095
vn -0.2845 -0.9141 0.2890
vn -0.7570 -0.6213 -0.2026
vn -0.1776 0.9816 -0.0702
vn -0.9882 0.1142 0.1022
vn -0.7725 -0.6303 0.0774
vn -0.9795 -0.1765 0.0973
vn -0.7550 0.6522 -0.0674
vn -0.9328 0.3002 -0.1991
vn -0.3331 0.2577 0.9070
vn -0.9446 0.3169 -0.0860
vn 0.2129 -0.2212 -0.9517
vn 0.9411 -0.3101 0.1347
vn 0.1899 0.0816 0.9784
vn -0.0235 -0.1469 -0.9889
vn -0.8861 0.4184 -0.1996
vn -0.2874 0.3680 0.8843
vn -0.8943 0.4384 -0.0902
vn 0.2254 -0.1071 -0.9684
vn 0.9824 -0.1611 0.0942
vn 0.2347 0.2098 0.9492
vn -0.0115 -0.0316 -0.9994
vn -0.2213 -0.1695 0.9604
vn 0.7985 -0.4255 0.4257
vn -0.3955 -0.1712 0.9024
vn 0.4060 0.0446 0.9128
vn 0.8740 0.3490 0.3380
vn 0.9545 -0.2367 0.1815
vn -0.9689 -0.1321 0.2093
vn -0.9908 -0.1155 0.0705
vn 0.0962 -0.0865 0.9916
vn -0.7701 -0.3679 0.5212
vn -0.3991 -0.0035 0.9169
vn 0.8339 -0.3575 0.4206
vn 0.4797 -0.3430 0.8076
vn -0.9954 0.0279 0.0914
vn 0.6030 -0.7978 -0.0011
vn 0.7430 0.1005 0.6617
vn 0.4888 -0.4969 0.7170
vn 0.9632 0.2623 -0.0579
vn 0.2006 -0.9429 0.2660
vn 0.7270 0.6738 0.1323
vn 0.7216 0.6921 0.0176
vn 0.3978 -0.8829 0.2494
vn 0.2282 -0.2343 -0.9450
vn 0.2409 -0.1804 -0.9536
vn -0.0165 -0.1917 -0.9813
vn 0.0060 -0.2732 -0.9619
vn 0.9813 -0.1470 0.1240
vn 0.9540 0.2973 0.0393
vn -0.3533 0.2651 0.8972
vn -0.3553 0.0885 0.9306
vn 0.1861 0.1387 0.9727
vn 0.1875 0.2823 0.9408
vn -0.9423 0.2539 -0.2180
vn -0.9042 -0.4200 -0.0774
vn -0.9609 0.2636 -0.0851
vn -0.9174 -0.3961 0.0376
vn 0.9431 -0.2966 0.1500
vn 0.0270 -0.2888 -0.9570
vn 0.1497 0.3092 0.9391
vn 0.2549 -0.1800 -0.9501
vn -0.8975 -0.4386 0.0462
vn -0.3560 0.0731 0.9316
vn 0.9170 0.3981 0.0265
vn -0.8795 -0.4675 -0.0892
vn -0.0129 -0.1522 -0.9883
vn 0.1802 0.0876 0.9797
vn 0.9399 -0.3087 0.1457
vn 0.2222 -0.2266 -0.9483
vn -0.9439 0.3154 -0.0979
vn -0.3429 0.2622 0.9020
vn -0.9313 0.2974 -0.2103
vn 0.6438 -0.6538 0.3976
vn 0.9535 -0.1480 0.2625
vn 0.9667 -0.1594 0.2002
vn 0.5234 -0.8223 0.2231
vn 0.9508 -0.1014 0.2927
vn 0.9274 -0.2872 0.2395
vn 0.9029 -0.3935 0.1734
vn 0.9107 -0.1668 0.3778
vn -0.6511 -0.7494 -0.1202
vn -0.2993 -0.6057 -0.7373
vn -0.2799 -0.6520 -0.7047
vn -0.5558 -0.8289 -0.0635
vn 0.5063 -0.8014 0.3184
vn 0.7172 -0.6920 -0.0820
vn 0.9686 -0.2485 0.0032
vn 0.6922 -0.4663 0.5509
vn -0.5428 -0.5750 0.6122
vn -0.3074 -0.7299 0.6105
vn 0.0977 -0.3900 0.9156
vn -0.0786 -0.1883 0.9790
vn 0.0692 0.3961 -0.9156
vn 0.0651 0.4820 -0.8738
vn 0.7618 0.1911 -0.6189
vn 0.8120 0.1656 -0.5597
vn 0.3173 -0.1791 -0.9312
vn 0.2200 -0.0285 -0.9751
vn 0.6792 0.4525 -0.5778
vn 0.7631 0.2980 -0.5735
vn -0.7637 0.0689 0.6418
vn -0.8260 -0.2393 0.5103
vn -0.2319 0.2998 0.9254
vn 0.0520 0.8905 -0.4519
vn 0.3912 0.5236 0.7568
vn 0.7941 0.5586 0.2396
vn 0.6202 0.7703 0.1485
vn 0.2596 0.6800 0.6857
vn -0.9751 -0.0400 -0.2182
vn -0.6069 0.0101 -0.7947
vn -0.5055 -0.2699 -0.8195
vn -0.8772 -0.4061 -0.2563
vn 0.6039 0.0693 0.7941
vn 0.9321 0.2929 0.2133
vn 0.8585 0.4402 0.2631
vn 0.5929 0.2310 0.7714
vn 0.3494 -0.2242 -0.9097
vn 0.3259 -0.2249 -0.9183
vn 0.8228 0.1594 -0.5455
vn 0.8088 0.1311 -0.5733
vn -0.7922 -0.3013 0.5307
vn -0.7063 -0.4174 0.5718
vn -0.2368 0.0442 0.9705
vn -0.2782 0.1883 0.9419
vn -0.8258 -0.5265 -0.2020
vn -0.4496 -0.3877 -0.8047
vn -0.3509 -0.5404 -0.7648
vn -0.7386 -0.6576 -0.1485
vn -0.8806 0.4518 0.1431
vn -0.6423 0.5775 -0.5039
vn -0.6667 0.3751 -0.6440
vn -0.9345 0.3558 0.0130
vn -0.6136 0.0724 0.7863
vn -0.6587 0.0866 0.7474
vn 0.0166 -0.3718 0.9282
vn 0.0979 -0.2687 0.9582
vn 0.1820 0.0273 -0.9829
vn 0.1124 0.1373 -0.9841
vn 0.7995 0.3130 -0.5127
vn 0.6024 0.5877 -0.5401
vn 0.1314 0.8334 0.5368
vn 0.3131 0.9418 0.1227
vn -0.9792 0.1221 -0.1619
vn -0.6302 0.4959 -0.5975
vn -0.8636 -0.4605 -0.2053
vn -0.2914 -0.8854 -0.3622
vn -0.1682 0.9785 -0.1192
vn 0.8868 0.2953 0.3554
vn 0.7204 0.2181 -0.6584
vn -0.6120 0.5666 0.5518
vn -0.5081 0.3406 0.7911
vn -0.2262 -0.8231 -0.5210
vn 0.6401 0.7586 0.1220
vn 0.7632 0.4760 -0.4369
vn 0.8813 -0.1932 0.4313
vn -0.6498 0.6171 -0.4438
vn -0.8066 -0.2225 0.5477
vn 0.0513 0.8293 0.5565
vn -0.4869 -0.4863 0.7256
vn -0.7169 -0.6970 -0.0159
vn 0.7908 -0.5823 0.1886
vn 0.7767 0.0975 -0.6223
vn -0.5046 -0.3047 0.8078
vn 0.2425 -0.5353 0.8091
vn 0.2524 0.9623 -0.1014
vn 0.3625 -0.2462 -0.8989
vn -0.2318 0.0183 0.9726
vn -0.7113 -0.2304 0.6641
vn 0.7295 0.2038 -0.6530
vn 0.1013 -0.7034 0.7036
vn -0.3276 -0.0963 0.9399
vn 0.5128 -0.2361 -0.8254
vn 0.5879 -0.8042 0.0875
vn -0.8375 -0.0507 0.5441
vn -0.9317 0.2179 0.2906
vn 0.3897 -0.1638 -0.9063
vn 0.0401 0.8739 0.4845
vn 0.3357 -0.4889 0.8052
vn 0.4141 0.8372 0.3572
vn 0.1782 0.8695 -0.4606
vn -0.7241 -0.6692 -0.1668
vn -0.4377 -0.4738 -0.7642
vn 0.3625 0.5279 0.7681
vn 0.6962 -0.4925 -0.5222
vn 0.8821 -0.2723 -0.3844
vn 0.7368 0.6506 0.1840
vn 0.3302 0.5933 0.7342
vn -0.6133 -0.7764 -0.1454
vn -0.3053 -0.7754 -0.5528
vn -0.7028 -0.6640 -0.2554
vn -0.8943 -0.3147 -0.3181
vn 0.6032 0.5359 0.5908
vn 0.5568 -0.4291 -0.7113
vn -0.9138 0.2358 0.3306
vn -0.9043 -0.3748 -0.2044
vn 0.2272 0.5151 0.8265
vn -0.9643 0.0290 0.2634
vn 0.9466 0.2441 -0.2105
vn 0.8133 0.4865 0.3192
vn -0.3874 -0.5129 -0.7661
vn -0.6464 0.4437 0.6207
vn 0.8798 -0.0366 -0.4740
vn -0.8566 -0.5015 -0.1217
vn -0.8565 -0.1150 0.5032
vn -0.8101 -0.3821 0.4448
vn -0.6209 -0.7757 -0.1131
vn 0.6168 -0.7780 -0.1195
vn 0.8435 -0.4030 0.3550
vn 0.9421 -0.2011 0.2683
vn 0.7392 -0.6306 -0.2364
vn -0.3150 -0.7010 -0.6398
vn -0.1068 -0.8396 -0.5326
vn 0.4918 -0.7394 -0.4597
vn 0.3842 -0.5771 -0.7207
vn -0.0295 0.7522 0.6583
vn -0.0230 0.8480 0.5296
vn 0.6440 0.5056 0.5741
vn 0.6430 0.4134 0.6447
vn -0.2975 0.1681 0.9398
vn -0.2669 0.3738 0.8883
vn 0.4577 0.4934 0.7397
vn 0.3942 0.3318 0.8570
vn -0.6694 -0.3322 -0.6645
vn -0.6777 -0.3095 -0.6670
vn 0.0826 -0.1950 -0.9773
vn 0.1126 -0.5258 -0.8431
vn 0.9335 -0.0564 -0.3540
vn 0.9375 0.2547 0.2372
vn 0.9288 0.3546 0.1080
vn 0.8353 0.0814 -0.5438
vn -0.9870 0.1371 -0.0839
vn -0.7253 0.5035 0.4694
vn -0.7594 0.3528 0.5467
vn -0.9998 -0.0067 0.0163
vn 0.9522 -0.3017 -0.0473
vn 0.8490 0.1228 0.5139
vn 0.8806 0.1342 0.4544
vn 0.9624 -0.1649 -0.2160
vn -0.4592 -0.0018 0.8883
vn -0.4023 0.0559 0.9138
vn 0.2750 0.2507 0.9282
vn 0.1520 0.1728 0.9732
vn -0.6072 -0.3593 -0.7087
vn -0.4779 -0.5106 -0.7148
vn 0.2455 -0.3541 -0.9024
vn 0.1292 -0.2334 -0.9638
vn -0.9915 -0.1240 -0.0403
vn -0.8126 0.2287 0.5361
vn -0.8390 -0.0113 0.5440
vn -0.9373 -0.3366 -0.0906
vn -0.8008 0.3519 -0.4846
vn -0.6423 0.7605 0.0957
vn -0.6907 0.6775 0.2528
vn -0.8673 0.3330 -0.3700
vn -0.5633 -0.3016 -0.7692
vn -0.6534 -0.2976 -0.6961
vn 0.0406 -0.7466 -0.6640
vn 0.1136 -0.7078 -0.6972
vn -0.1762 0.4917 0.8527
vn -0.0915 0.6022 0.7931
vn 0.6557 0.4174 0.6291
vn 0.5537 0.5440 0.6305
vn 0.7167 0.1598 -0.6788
vn 0.9225 0.3806 -0.0645
vn 0.9994 -0.0026 0.0343
vn 0.7468 -0.1066 -0.6565
vn -0.8668 -0.0240 -0.4981
vn -0.8168 -0.5668 -0.1074
vn 0.2539 0.9226 -0.2906
vn 0.9181 -0.3286 0.2216
vn 0.1549 -0.0345 0.9873
vn 0.1606 0.6184 -0.7693
vn 0.2934 0.4649 -0.8353
vn -0.8908 -0.4232 0.1654
vn 0.8371 0.3541 0.4169
vn 0.4588 0.0937 0.8836
vn 0.6849 -0.7023 0.1942
vn -0.0565 0.9134 -0.4032
vn -0.3171 0.1400 -0.9380
vn 0.7680 0.5665 -0.2987
vn 0.4955 -0.6738 -0.5482
vn -0.8040 -0.1313 -0.5800
vn 0.3322 -0.9225 0.1966
vn 0.1689 -0.2440 0.9549
vn 0.0168 -0.0957 -0.9953
vn 0.3736 -0.7051 -0.6026
vn 0.6774 0.4374 0.5914
vn -0.3993 -0.0392 0.9160
vn 0.3450 0.0874 -0.9345
vn -0.1238 -0.0630 -0.9903
vn 0.0920 0.1181 0.9887
vn 0.1039 -0.7841 -0.6118
vn 0.2972 -0.0307 -0.9543
vn -0.2859 -0.2261 0.9312
vn 0.0644 -0.9852 0.1589
vn -0.2586 0.3521 -0.8996
vn -0.3298 0.6340 -0.6995
vn -0.3702 -0.1629 0.9145
vn 0.7243 0.6337 -0.2718
vn 0.4882 -0.6965 -0.5259
vn 0.8823 0.4552 0.1200
vn 0.2920 0.7117 0.6390
vn -0.8461 -0.2247 -0.4834
vn -0.9639 -0.0283 0.2646
vn 0.9480 0.1320 -0.2896
vn -0.1772 -0.6302 0.7560
vn 0.2017 -0.6142 0.7629
vn 0.9439 0.0134 0.3298
vn 0.9438 0.2424 -0.2249
vn -0.8735 -0.2928 -0.3889
vn -0.9032 -0.4151 0.1092
vn -0.8716 -0.2219 -0.4371
vn -0.8720 0.1942 -0.4494
vn 0.9982 0.0587 0.0088
vn -0.2727 -0.5111 0.8151
vn -0.3073 0.6789 -0.6668
vn -0.8597 0.1724 -0.4808
vn 0.8898 0.1932 -0.4133
vn -0.4995 0.4627 -0.7325
vn 0.5833 -0.2296 0.7792
vn 0.9417 -0.0444 0.3335
vn -0.9589 -0.1167 0.2586
vn 0.1299 0.8287 -0.5444
vn 0.2622 -0.3852 0.8848
vn 0.5778 0.1964 0.7922
vn -0.9251 0.2425 0.2921
vn -0.6934 0.1492 -0.7050
vn 0.9012 0.4228 -0.0957
vn -0.0328 -0.9994 -0.0142
vn -0.5985 -0.0307 -0.8006
vn -0.7100 -0.0318 -0.7034
vn -0.9657 -0.0307 0.2578
vn 0.5914 -0.0316 0.8058
vn 0.3080 0.9268 -0.2150
vn 0.3152 0.8942 0.3179
vn 0.5878 -0.0000 0.8090
vn -0.0000 -1.0000 -0.0000
vn 0.7453 0.4063 -0.5286
vn 0.4016 -0.8719 -0.2803
vn 0.8301 0.2120 0.5157
vn -0.0908 -0.0305 -0.9954
vn 0.7532 0.4063 -0.5173
vn -0.2355 0.8820 -0.4081
vn -0.0880 0.8795 -0.4676
vn -0.3035 -0.0532 0.9513
vn 0.0007 -1.0000 -0.0006
vn 0.1872 0.3822 -0.9049
vn -0.2963 0.1589 0.9418
vn -0.3468 0.0181 0.9378
vn 0.6477 -0.3730 0.6644
vn 0.9403 -0.2801 -0.1932
vn -0.7986 0.3596 0.4826
vn -0.7703 0.2449 -0.5887
vn 0.1349 0.0118 -0.9908
vn -0.3195 0.9031 -0.2868
vn 0.0001 -1.0000 -0.0001
vn 0.7440 -0.0000 0.6682
vn 0.3473 0.8905 0.2940
vn -0.7437 -0.0319 -0.6678
vn -0.7440 -0.0000 -0.6682
vn 0.7386 0.1195 0.6634
vn -0.2993 -0.0154 0.9540
vn 0.7185 0.4819 -0.5015
vn -0.1283 -0.0000 -0.9917
vn 0.7166 0.4522 0.5310
vn 0.5910 0.1197 0.7977
vn 0.5937 -0.0000 0.8047
vn -0.9689 -0.0123 0.2472
vn -0.7118 -0.0000 -0.7023
vn -0.5969 -0.0000 -0.8023
vn 0.5855 -0.0317 0.8100
vn 0.8950 0.1901 0.4035
vn 0.7436 -0.0317 0.6678
vn -0.7386 0.1196 -0.6634
vn -0.3069 0.0991 0.9466
vn 0.5933 0.6903 -0.4141
vn -0.1596 0.1178 -0.9801
vn 0.5930 0.1193 0.7963
vn -0.9593 0.0918 0.2670
vn -0.6976 0.1200 -0.7064
vn -0.5870 0.1168 -0.8011
vn 0.4108 0.9068 0.0949
vn 0.3321 0.9264 0.1773
vn 0.3085 0.9423 0.1298
vn 0.3237 0.9354 0.1424
vn 0.4375 0.8925 0.1100
vn 0.4311 0.8944 0.1192
vn -0.1582 -0.0909 0.9832
vn -0.9192 0.2862 0.2704
vn 0.8363 -0.3723 -0.4025
vn 0.1858 0.0530 -0.9812
vn 0.7284 -0.3756 0.5730
vn -0.7133 0.4269 -0.5558
vn -0.0799 0.1767 -0.9810
vn -0.8734 0.2165 0.4361
vn -0.0023 0.0992 0.9951
vn 0.7358 0.3925 -0.5519
vn -0.0091 -0.9999 0.0068
vn 0.1066 -0.0317 0.9938
vn -0.0548 -0.0479 0.9973
vn -0.8813 -0.0326 0.4715
vn -0.0856 -0.0317 -0.9958
vn 0.1335 0.8795 -0.4567
vn 0.0180 0.8950 -0.4456
vn -0.1197 -0.0000 -0.9928
vn 0.9058 0.4063 -0.1198
vn 0.4850 -0.8719 -0.0679
vn 0.3351 -0.0000 -0.9422
vn 0.6108 -0.0305 0.7912
vn 0.9000 0.4172 -0.1260
vn 0.1052 0.8820 0.4593
vn 0.2537 0.8795 0.4025
vn -0.8846 -0.0698 -0.4612
vn -0.0090 -0.9998 0.0175
vn 0.7465 0.3922 0.5376
vn -0.8765 0.1302 -0.4635
vn -0.9140 0.1274 -0.3851
vn 0.0061 -0.1255 -0.9921
vn 0.8300 -0.1661 -0.5325
vn -0.9096 0.2954 0.2921
vn 0.0007 0.1370 0.9906
vn 0.8267 -0.0468 0.5607
vn -0.0391 0.9031 0.4276
vn 0.0003 -1.0000 -0.0000
vn 0.0905 -0.0000 -0.9959
vn 0.0413 0.8884 -0.4573
vn -0.0904 -0.0319 0.9954
vn -0.0904 -0.0000 0.9959
vn 0.0898 0.1198 -0.9887
vn -0.8754 -0.0268 -0.4826
vn 0.8677 0.4819 -0.1214
vn 0.5808 -0.0000 0.8140
vn 0.3016 0.1184 -0.9460
vn -0.1098 0.1197 -0.9867
vn -0.0873 -0.0000 -0.9962
vn -0.8766 -0.0097 0.4811
vn -0.0605 -0.0118 0.9981
vn 0.1086 -0.0000 0.9941
vn -0.1222 -0.0317 -0.9920
vn 0.3701 -0.0307 -0.9285
vn 0.0904 -0.0317 -0.9954
vn -0.0899 0.1201 0.9887
vn -0.8780 0.0808 -0.4717
vn 0.7165 0.6903 -0.1003
vn 0.5500 0.1178 0.8268
vn 0.6810 0.7271 -0.0867
vn -0.0788 0.1197 -0.9897
vn -0.8815 0.0946 0.4625
vn -0.0507 0.0984 0.9938
vn 0.1149 0.1195 0.9862
vn 0.1856 0.9736 -0.1331
vn 0.1426 0.9832 -0.1138
vn 0.1305 0.9858 -0.1059
vn 0.1318 0.9826 -0.1307
vn 0.2207 0.9651 -0.1409
vn 0.2206 0.9654 -0.1393
vn -0.7985 0.0509 -0.5999
vn -0.8593 0.1648 0.4841
vn 0.8848 -0.2684 -0.3808
vn 0.8288 -0.1000 0.5505
vn 0.0815 -0.1622 -0.9834
vn -0.0934 0.1222 0.9881
vn -0.7010 0.4515 -0.5520
vn 0.0696 0.9889 -0.1312
vn 0.0694 0.7559 -0.6510
vn -0.7867 0.5623 -0.2547
vn 0.0041 0.4734 -0.8808
vn -0.3054 0.7254 -0.6169
vn -0.4509 0.8871 -0.0985
vn -0.9920 0.1192 -0.0412
vn 0.0902 -0.0192 -0.9957
vn -0.2268 0.0865 -0.9701
vn -0.3968 0.3947 -0.8287
vn -0.7698 0.1647 -0.6167
vn -0.3051 0.0582 -0.9506
vn -0.8748 -0.0050 -0.4845
vn -0.9819 0.0196 -0.1884
vn -0.9703 -0.1277 -0.2056
vn -0.3960 0.8384 -0.3745
vn -0.8026 0.5893 -0.0929
vn 0.0770 0.9063 -0.4155
vn -0.9632 0.1772 -0.2023
vn -0.8666 0.4953 -0.0615
vn -0.3667 0.1395 -0.9198
vn -0.1187 0.1294 -0.9845
vn -0.8364 0.4837 -0.2578
vn -0.7158 0.3612 -0.5976
vn 0.1039 0.1834 -0.9775
vn 0.4208 0.8469 -0.3251
vn 0.3388 0.7345 -0.5880
vn 0.4806 0.8650 -0.1442
vn 0.2392 0.4901 -0.8382
vn 0.0862 -0.0885 -0.9923
vn -0.7653 0.1620 -0.6229
vn -0.9461 0.2252 -0.2328
vn -0.2133 -0.0696 -0.9745
vn -0.3523 -0.0762 -0.9328
vn -0.9622 0.2585 -0.0860
vn -0.9614 -0.2626 -0.0821
vn -0.3033 0.1101 -0.9465
vn -0.8412 0.1173 -0.5278
vn 0.1582 0.0643 -0.9853
vn -0.8948 -0.4384 -0.0847
vn -0.9319 0.2982 -0.2064
vn -0.3146 0.0574 -0.9475
vn 0.5972 0.7760 -0.2028
vn 0.4845 0.7331 -0.4772
vn -0.6872 0.4785 0.5466
vn 0.0724 0.9801 0.1848
vn 0.0648 0.7338 0.6763
vn -0.7836 0.5476 0.2936
vn 0.0309 0.3990 0.9164
vn -0.3826 0.7309 0.5652
vn -0.4495 0.8804 0.1511
vn -0.9978 0.0384 0.0533
vn 0.1716 0.0676 0.9828
vn -0.3083 -0.1354 0.9416
vn -0.3871 0.3496 0.8532
vn -0.7626 0.1312 0.6335
vn -0.2940 0.0071 0.9558
vn -0.9401 -0.0698 0.3338
vn -0.9581 0.1105 0.2642
vn -0.9608 -0.0749 0.2671
vn -0.4433 0.8258 0.3485
vn -0.7954 0.5942 0.1196
vn 0.0640 0.8975 0.4363
vn -0.9696 0.1082 0.2196
vn -0.8773 0.4634 0.1251
vn -0.4045 0.2754 0.8721
vn -0.1073 0.0764 0.9913
vn -0.8324 0.4715 0.2910
vn -0.6994 0.4120 0.5840
vn 0.1153 0.1308 0.9847
vn 0.4550 0.7791 0.4314
vn 0.3718 0.6506 0.6621
vn 0.4774 0.8614 0.1738
vn 0.2799 0.3799 0.8817
vn 0.0977 -0.1415 0.9851
vn -0.7567 0.1976 0.6231
vn -0.9433 0.2121 0.2555
vn -0.2020 -0.1218 0.9718
vn -0.3636 0.0567 0.9298
vn -0.9610 0.2532 0.1109
vn -0.8595 -0.5105 0.0259
vn -0.2923 0.0591 0.9545
vn -0.8583 0.0928 0.5047
vn 0.2259 0.0234 0.9739
vn -0.9066 -0.4076 0.1091
vn -0.9228 0.2218 0.3152
vn -0.3223 -0.0660 0.9443
vn 0.5833 0.7928 0.1768
vn 0.4988 0.6233 0.6023
vn 0.6971 -0.5049 0.5091
vn -0.0726 -0.9883 0.1344
vn -0.0591 -0.7694 0.6360
vn 0.7902 -0.5584 0.2525
vn -0.0211 -0.4461 0.8947
vn 0.3896 -0.7607 0.5192
vn 0.4531 -0.8860 0.0987
vn 0.9843 -0.1465 0.0989
vn -0.1599 -0.1111 0.9809
vn 0.2247 -0.0854 0.9707
vn 0.3991 -0.3903 0.8297
vn 0.7713 -0.1668 0.6142
vn 0.2981 -0.0570 0.9528
vn 0.9164 -0.1200 0.3818
vn 0.9746 0.1058 0.1973
vn 0.9151 0.3596 0.1825
vn 0.4488 -0.8425 0.2979
vn 0.7995 -0.5956 0.0778
vn -0.0609 -0.9188 0.3900
vn 0.9630 -0.1762 0.2041
vn 0.8780 -0.4701 0.0907
vn 0.4150 -0.3225 0.8507
vn 0.1196 -0.1244 0.9850
vn 0.8346 -0.4890 0.2535
vn 0.7065 -0.4450 0.5503
vn -0.1053 -0.1822 0.9776
vn -0.4521 -0.8000 0.3945
vn -0.3663 -0.6854 0.6293
vn -0.4779 -0.8682 0.1335
vn -0.2670 -0.4262 0.8643
vn -0.0870 0.0927 0.9919
vn 0.7651 -0.2304 0.6012
vn 0.9482 -0.2211 0.2280
vn 0.2191 0.0734 0.9729
vn 0.3709 -0.1006 0.9232
vn 0.9644 -0.2567 0.0636
vn 0.9998 -0.0166 -0.0115
vn 0.2974 -0.1072 0.9487
vn 0.8000 -0.1137 0.5892
vn -0.2146 -0.0754 0.9738
vn 0.9448 0.3203 0.0693
vn 0.9271 -0.3102 0.2102
vn 0.3083 -0.0563 0.9496
vn -0.5814 -0.8010 0.1426
vn -0.4930 -0.6550 0.5726
vn 0.6977 -0.4188 -0.5812
vn -0.0732 -0.9801 -0.1844
vn -0.0799 -0.7191 -0.6903
vn 0.7871 -0.5438 -0.2912
vn -0.0173 -0.4215 -0.9067
vn 0.2975 -0.6918 -0.6580
vn 0.4517 -0.8793 -0.1513
vn 0.9857 -0.1287 -0.1091
vn -0.1024 0.0713 -0.9922
vn 0.2667 0.1648 -0.9496
vn 0.3893 -0.3452 -0.8540
vn 0.7641 -0.1334 -0.6312
vn 0.2870 -0.0057 -0.9579
vn 0.9614 -0.1099 -0.2523
vn 0.9759 0.2000 -0.0875
vn 0.8477 0.5242 0.0816
vn 0.3921 -0.8169 -0.4230
vn 0.8048 -0.5781 -0.1344
vn -0.0840 -0.8816 -0.4645
vn 0.9605 -0.1647 -0.2244
vn 0.8645 -0.4931 -0.0977
vn 0.3532 -0.0828 -0.9319
vn 0.1081 -0.0714 -0.9916
vn 0.8319 -0.4730 -0.2901
vn 0.7083 -0.3351 -0.6213
vn -0.1167 -0.1296 -0.9847
vn -0.4270 -0.8286 -0.3621
vn -0.3498 -0.7008 -0.6216
vn -0.4857 -0.8538 -0.1873
vn -0.2507 -0.4395 -0.8625
vn -0.0985 0.1456 -0.9844
vn 0.7587 -0.1313 -0.6381
vn 0.9454 -0.2083 -0.2505
vn 0.2079 0.1255 -0.9701
vn 0.3359 0.1303 -0.9329
vn 0.9694 -0.2191 -0.1112
vn 0.9999 -0.0160 0.0061
vn 0.2863 -0.0561 -0.9565
vn 0.8007 -0.0830 -0.5933
vn -0.1696 -0.0115 -0.9854
vn 0.9218 0.3769 -0.0903
vn 0.9355 -0.2243 -0.2730
vn 0.2972 -0.0053 -0.9548
vn -0.5995 -0.7624 -0.2436
vn -0.4931 -0.7052 -0.5095
vn 0.3162 -0.0382 -0.9479
vn -0.2102 -0.9771 0.0344
vn -0.9612 0.2666 0.0709
vn -0.5209 -0.8406 0.1483
vn 0.9481 -0.1516 -0.2795
vn -0.5835 -0.7892 0.1914
vn -0.1196 -0.9886 -0.0913
vn 0.7876 -0.6065 0.1089
vn 0.8645 -0.5026 -0.0076
vn 0.9753 -0.1431 0.1685
vn 0.9140 -0.2640 -0.3080
vn -0.9851 0.0861 -0.1486
vn 0.8732 -0.4762 0.1042
vn 0.9291 -0.3613 0.0786
vn 0.9471 -0.1250 -0.2955
vn -0.9848 0.1737 -0.0009
vn 0.9615 -0.2222 0.1614
vn 0.9079 -0.2859 -0.3064
vn -0.2029 -0.0108 0.9791
vn -0.1895 -0.9799 -0.0619
vn -0.2887 -0.9432 0.1642
vn 0.8629 -0.4694 0.1872
vn 0.8044 -0.5931 0.0341
vn -0.1151 -0.1954 -0.9739
vn -0.3096 -0.6104 -0.7291
vn 0.2858 0.4452 0.8486
vn 0.3320 -0.1161 0.9361
vn -0.2097 -0.9755 -0.0673
vn -0.9741 0.1480 -0.1712
vn -0.5375 -0.8236 0.1811
vn 0.9473 -0.1631 0.2758
vn -0.5805 -0.7943 0.1792
vn -0.1189 -0.9921 0.0396
vn 0.8070 -0.5858 -0.0746
vn 0.8538 -0.5187 -0.0437
vn 0.9246 -0.2367 -0.2984
vn 0.9365 -0.2580 0.2374
vn -0.9788 0.0762 0.1902
vn 0.8701 -0.4711 -0.1450
vn 0.9287 -0.3565 -0.1018
vn 0.9467 -0.1447 0.2878
vn -0.9792 0.1198 0.1635
vn 0.9643 -0.2151 -0.1545
vn 0.9568 -0.1263 0.2619
vn -0.1940 0.0957 -0.9763
vn -0.2356 -0.9673 0.0937
vn -0.8294 -0.5418 0.1364
vn 0.8605 -0.4585 -0.2221
vn 0.7974 -0.5988 -0.0748
vn -0.0772 -0.2042 0.9759
vn -0.2316 -0.5197 0.8224
vn 0.2628 0.4679 -0.8438
vn 0.3360 -0.7143 0.6138
vn -0.5770 -0.0497 -0.8152
vn 0.2346 -0.6927 -0.6820
vn 0.4038 -0.8055 0.4337
vn -0.7685 -0.0701 0.6360
vn -0.8896 0.1194 -0.4409
vn -0.7144 -0.1312 0.6873
vn -0.1439 -0.5823 -0.8001
vn 0.0460 -0.4434 0.8951
vn 0.5514 -0.8133 0.1856
vn 0.0578 -0.6608 -0.7483
vn -0.9693 -0.2448 0.0246
vn -0.3978 -0.2634 0.8789
vn -0.9620 -0.2623 -0.0762
vn 0.7303 -0.6162 0.2950
vn 0.5176 0.2106 -0.8293
vn -0.1051 -0.6461 0.7560
vn -0.7916 0.5002 -0.3510
vn -0.5714 -0.4166 0.7071
vn 0.0239 0.4513 -0.8920
vn 0.6231 -0.6849 0.3777
vn -0.9524 0.2436 0.1831
vn 0.9187 -0.3548 -0.1737
vn 0.7302 -0.6759 0.0995
vn 0.4061 0.5274 0.7463
vn -0.0042 -0.9427 -0.3336
vn -0.8408 0.5301 0.1098
vn -0.5636 -0.6684 -0.4853
vn -0.0631 0.7627 0.6437
vn 0.6553 -0.7519 0.0724
vn -0.9016 0.1714 -0.3971
vn 0.8620 -0.2402 0.4463
vn -0.7481 0.5786 -0.3249
vn -0.9925 0.0185 -0.1209
vn 0.9473 -0.2610 -0.1859
vn 0.6260 0.4489 -0.6377
vn -0.8197 -0.1462 -0.5538
vn 0.5498 -0.8255 -0.1273
vn -0.7666 0.3822 -0.5159
vn 0.0305 0.7200 -0.6933
vn 0.8192 -0.5722 0.0385
vn 0.9621 -0.2441 -0.1220
vn -0.1653 0.9026 -0.3976
vn 0.6926 0.4982 -0.5217
vn 0.1350 0.7883 -0.6003
vn 0.8947 -0.4304 -0.1194
vn -0.2983 0.9081 -0.2937
vn -0.9937 0.0808 -0.0776
vn -0.7542 0.6346 -0.1688
vn -0.7162 0.6967 0.0410
vn -0.9830 0.1084 0.1481
vn 0.9652 -0.1788 0.1907
vn 0.7472 0.6617 0.0612
vn -0.8984 0.1302 0.4195
vn 0.7018 -0.3174 0.6378
vn -0.7247 0.6891 -0.0009
vn 0.1285 0.9917 0.0072
vn 0.9523 -0.1794 0.2467
vn 0.9621 -0.2501 0.1084
vn -0.1126 0.9760 -0.1866
vn 0.7505 0.6592 -0.0475
vn 0.1114 0.9871 0.1146
vn 0.9540 0.2412 -0.1779
vn -0.2496 0.9496 -0.1898
vn -0.9906 0.1040 0.0890
vn -0.7476 0.6613 -0.0620
vn 0.7496 -0.5790 0.3208
vn 0.9644 0.0674 0.2556
vn -0.9470 0.2627 0.1850
vn -0.6841 -0.4738 0.5545
vn 0.8168 0.1491 0.5574
vn -0.6313 0.6241 0.4605
vn 0.7469 -0.5704 0.3418
vn -0.0311 -0.7216 0.6916
vn -0.9005 0.4306 0.0600
vn -0.9519 0.3065 0.0046
vn 0.1652 -0.9025 0.3978
vn -0.7023 -0.5582 0.4418
vn -0.0416 -0.7431 0.6679
vn -0.9539 -0.2822 0.1017
vn 0.2993 -0.9083 0.2923
vn 0.9748 0.0036 0.2232
vn 0.7683 -0.6003 0.2223
vn 0.7183 -0.6947 -0.0365
vn 0.9831 -0.1086 -0.1473
vn -0.9648 0.1801 -0.1919
vn -0.7025 -0.6986 -0.1357
vn 0.8967 -0.1307 -0.4229
vn -0.5707 0.6439 -0.5096
vn 0.7284 -0.6369 -0.2526
vn -0.0373 -0.9916 -0.1239
vn -0.8286 0.5308 -0.1778
vn -0.9707 0.2029 -0.1288
vn 0.1158 -0.9760 0.1845
vn -0.7490 -0.6604 0.0541
vn -0.2330 -0.9717 0.0387
vn -0.9974 -0.0517 -0.0501
vn 0.2524 -0.9488 0.1901
vn 0.9911 -0.1050 -0.0817
vn 0.7482 -0.6605 0.0628
vn 0.1148 -0.9738 0.1963
vn 0.5105 -0.7024 -0.4960
vn -0.2168 -0.6611 -0.7183
vn 0.1946 -0.5866 -0.7862
vn 0.4128 -0.3386 -0.8456
vn -0.2684 -0.6681 -0.6940
vn -0.4093 -0.2902 -0.8650
vn -0.4195 -0.0535 -0.9062
vn -0.5769 -0.7651 0.2859
vn -0.6229 -0.7811 -0.0440
vn 0.0667 -0.9597 0.2731
vn 0.9749 0.1681 -0.1457
vn -0.5388 0.7781 0.3229
vn 0.4264 0.5428 0.7236
vn 0.1627 0.6578 0.7354
vn 0.9816 0.1908 -0.0118
vn 0.1162 -0.9899 0.0817
vn 0.3312 -0.5236 0.7849
vn -0.0725 -0.1503 0.9860
vn 0.3556 -0.1110 0.9280
vn 0.5279 0.0061 0.8493
vn -0.1136 -0.0226 0.9933
vn -0.2502 0.3052 0.9188
vn -0.2773 0.3602 0.8907
vn -0.5807 -0.7877 0.2055
vn -0.7586 -0.5141 0.4003
vn 0.0898 -0.9952 0.0383
vn 0.9762 0.1016 -0.1916
vn -0.3221 0.6931 -0.6449
vn 0.2412 -0.0808 -0.9671
vn -0.0308 -0.0485 -0.9984
vn 0.9524 -0.1122 -0.2835
vn -0.7479 0.5755 -0.3307
vn 0.8897 -0.4279 -0.1594
vn 0.1841 0.2911 -0.9388
vn -0.8788 -0.3203 -0.3538
vn -0.8143 -0.3877 -0.4319
vn 0.2972 -0.5466 -0.7829
vn -0.9751 0.2212 -0.0169
vn -0.9897 -0.0416 -0.1367
vn 0.5848 -0.7109 0.3907
vn -0.2293 -0.1487 -0.9619
vn -0.1490 -0.0806 -0.9855
vn 0.0587 0.3871 -0.9201
vn 0.9557 -0.2387 -0.1722
vn 0.6161 0.4978 -0.6104
vn -0.7028 -0.2172 -0.6774
vn 0.2290 -0.7192 -0.6560
vn 0.5017 -0.8597 -0.0958
vn -0.7192 0.4933 -0.4893
vn 0.0466 0.7345 -0.6770
vn -0.1896 -0.2245 -0.9559
vn -0.7575 -0.4079 0.5097
vn -0.7323 0.4160 -0.5391
vn -0.2142 -0.6752 0.7058
vn 0.5636 0.0564 -0.8241
vn 0.8044 -0.5885 0.0812
vn 0.6426 -0.7581 -0.1110
vn 0.8312 -0.5224 -0.1900
vn 0.9592 -0.2332 -0.1597
vn -0.0749 0.9171 -0.3915
vn 0.7104 0.5085 -0.4866
vn 0.4411 0.7279 -0.5250
vn 0.9431 -0.2918 -0.1596
vn 0.8739 -0.4734 -0.1107
vn -0.2085 -0.2347 -0.9494
vn 0.3852 0.0054 -0.9228
vn -0.7453 -0.4610 -0.4817
vn 0.6393 -0.7415 -0.2034
vn -0.1764 -0.3246 -0.9293
vn 0.2940 -0.2839 -0.9127
vn -0.3639 -0.9195 0.1485
vn 0.3133 -0.9065 0.2829
vn 0.0546 -0.9740 0.2200
vn -0.4458 -0.6461 0.6196
vn -0.0241 0.6882 -0.7252
vn -0.7902 0.3744 -0.4852
vn 0.5568 -0.8306 -0.0058
vn -0.0807 -0.7657 0.6381
vn -0.9457 -0.1650 -0.2799
vn 0.5503 0.3511 -0.7576
vn 0.9128 -0.2932 -0.2844
vn 0.9889 -0.0606 -0.1353
vn -0.2456 0.1377 -0.9595
vn 0.4048 0.2281 -0.8855
vn -0.9086 -0.0866 -0.4087
vn 0.2922 -0.2041 0.9343
vn 0.4646 -0.3413 0.8171
vn -0.8996 -0.3936 0.1892
vn -0.8076 0.5060 0.3030
vn 0.9459 0.3178 -0.0652
vn -0.0104 0.1241 -0.9922
vn 0.9953 -0.0889 -0.0371
vn 0.2563 0.1360 -0.9570
vn -0.2921 0.0100 -0.9563
vn 0.0346 -0.6882 0.7247
vn -0.8459 -0.5152 -0.1383
vn 0.2879 -0.6027 0.7442
vn 0.5927 -0.2055 0.7787
vn -0.5167 0.2051 -0.8312
vn 0.7018 -0.2332 -0.6731
vn 0.7673 -0.2547 0.5885
vn -0.7291 0.2860 0.6218
vn -0.8445 0.3349 -0.4180
vn -0.4634 0.1118 -0.8790
vn -0.9309 -0.3560 0.0816
vn 0.2855 -0.2340 0.9294
vn 0.0460 0.3168 -0.9474
vn -0.4876 0.3688 -0.7914
vn 0.0421 -0.3059 0.9511
vn -0.1022 -0.7792 -0.6184
vn -0.4514 -0.7371 -0.5030
vn -0.4321 -0.5977 -0.6753
vn -0.3078 -0.8251 -0.4738
vn -0.1395 -0.7258 -0.6736
vn -0.3432 -0.6089 -0.7151
vn -0.1911 -0.8557 -0.4809
vn -0.5214 -0.6609 -0.5398
vn 0.6313 0.1212 -0.7660
vn 0.7025 -0.5725 0.4229
vn 0.1278 0.4340 -0.8918
vn -0.6325 -0.1947 0.7497
vn -0.1032 -0.4844 0.8687
vn -0.6556 0.5529 -0.5143
vn 0.9167 -0.3805 -0.1216
vn -0.9328 0.3498 0.0866
vn 0.8042 0.5875 -0.0898
vn 0.9367 0.2746 -0.2174
vn 0.5212 0.8529 0.0289
vn 0.7094 0.7030 -0.0494
vn -0.4354 -0.2072 -0.8761
vn -0.6960 0.5339 -0.4801
vn 0.9118 0.3991 -0.0965
vn -0.1603 -0.2753 -0.9479
vn 0.4059 0.4189 -0.8122
vn -0.2048 0.0195 -0.9786
vn 0.3766 -0.0455 -0.9253
vn 0.0360 0.9923 -0.1185
vn 0.5696 0.8124 -0.1251
vn 0.4442 0.6133 -0.6531
vn 0.0389 0.7835 -0.6202
vn 0.9766 0.0500 -0.2091
vn 0.3275 -0.2707 -0.9052
vn -0.7584 0.5988 -0.2574
vn 0.0182 0.4761 -0.8792
vn -0.9780 -0.1399 -0.1549
vn 0.3030 0.4032 -0.8635
vn -0.3990 0.7777 -0.4858
vn -0.4741 0.8750 -0.0981
vn -0.2812 -0.1146 -0.9528
vn -0.7899 -0.1320 -0.5988
vn 0.6787 0.3703 -0.6342
vn 0.2685 0.8422 -0.4675
vn 0.7700 0.6084 -0.1923
vn 0.5143 -0.1367 -0.8466
vn 0.7266 0.4063 -0.5540
vn -0.9982 0.0598 -0.0030
vn -0.9963 0.0072 -0.0857
vn 0.5662 0.5006 -0.6548
vn 0.3363 0.0942 -0.9370
vn 0.8664 0.2401 -0.4379
vn -0.3639 0.0348 -0.9308
vn -0.3294 0.4763 -0.8153
vn 0.2542 -0.6707 -0.6968
vn 0.4585 -0.8089 -0.3682
vn 0.9570 -0.0255 -0.2889
vn 0.7072 0.0855 -0.7018
vn 0.6675 -0.3593 -0.6522
vn -0.7672 0.1667 -0.6194
vn -0.3336 0.1101 -0.9363
vn -0.8127 -0.0479 -0.5806
vn -0.0187 -0.9355 -0.3528
vn 0.2750 -0.2069 -0.9389
vn -0.1691 -0.8390 -0.5171
vn -0.9990 -0.0413 -0.0152
vn -0.9956 -0.0359 -0.0860
vn 0.9661 -0.0397 -0.2550
vn 0.7592 0.6391 0.1231
vn 0.9141 0.2300 -0.3339
vn 0.9341 -0.2931 -0.2038
vn 0.4822 0.7828 -0.3934
vn -0.4583 0.8474 -0.2681
vn -0.9560 -0.2882 0.0555
vn -0.7789 0.6243 -0.0598
vn 0.5237 0.7803 -0.3419
vn 0.0326 0.9285 -0.3698
vn 0.8657 0.3812 -0.3245
vn 0.8829 -0.0618 -0.4655
vn -0.9715 0.0348 -0.2343
vn 0.7087 0.6971 -0.1087
vn 0.7929 0.5647 -0.2289
vn 0.7965 -0.4295 -0.4256
vn 0.6263 0.4410 -0.6428
vn 0.6531 0.7571 0.0160
vn 0.5632 0.8173 -0.1219
vn 0.7154 -0.6176 -0.3267
vn 0.7859 0.5889 0.1883
vn 0.9044 -0.2751 -0.3262
vn -0.8615 0.5022 -0.0748
vn -0.4424 0.1606 -0.8823
vn 0.6764 -0.2236 -0.7018
vn -0.0444 0.2017 -0.9784
vn -0.8247 0.5129 -0.2382
vn 0.3083 0.0724 -0.9485
vn 0.9654 -0.2485 -0.0791
vn -0.7085 0.4642 -0.5316
vn 0.1709 0.1461 -0.9744
vn 0.4244 0.8387 -0.3412
vn 0.3908 0.0551 -0.9188
vn 0.3653 0.0013 -0.9309
vn 0.0664 -0.1975 -0.9780
vn 0.0576 -0.9161 -0.3968
vn 0.3477 0.6959 -0.6284
vn 0.4395 0.8898 -0.1229
vn -0.0194 -0.3913 -0.9200
vn 0.2913 0.4249 -0.8571
vn -0.3994 -0.1301 -0.9075
vn 0.3990 -0.1845 -0.8982
vn 0.1474 0.9509 -0.2723
vn -0.3076 0.2841 -0.9081
vn 0.8987 -0.1284 -0.4193
vn 0.7916 -0.0551 -0.6085
vn 0.5740 0.8097 0.1223
vn 0.2756 0.9462 0.1698
vn 0.4367 0.8360 -0.3323
vn 0.4385 0.7273 -0.5280
vn 0.1514 -0.9860 -0.0692
vn -0.2202 0.9449 0.2422
vn 0.8976 0.3031 0.3199
vn 0.5082 -0.8593 -0.0587
vn -0.3670 0.2192 0.9040
vn 0.5784 0.0344 -0.8150
vn 0.1582 -0.9870 0.0288
vn 0.8118 -0.4154 -0.4105
vn 0.9038 -0.0972 -0.4168
vn 0.7037 -0.0384 -0.7094
vn 0.6866 0.3381 -0.6437
vn 0.3125 0.8385 -0.4464
vn 0.5779 0.8027 -0.1473
vn 0.5213 -0.7465 -0.4134
vn 0.6689 -0.6372 -0.3829
vn 0.8835 0.3993 -0.2448
vn 0.9584 -0.2270 -0.1728
vn -0.1725 0.9813 0.0858
vn 0.8862 0.4066 -0.2220
vn 0.0120 -0.9892 -0.1461
vn 0.1769 -0.1841 -0.9669
vn -0.1118 -0.6118 -0.7831
vn -0.7821 0.1848 -0.5951
vn 0.1916 -0.9737 0.1235
vn -0.1180 -0.8197 -0.5605
vn -0.9176 0.3066 -0.2531
vn -0.1094 0.0553 -0.9925
vn 0.2072 -0.8804 -0.4265
vn -0.3804 0.1104 -0.9182
vn -0.9613 0.2695 -0.0575
vn 0.2208 -0.9602 -0.1712
vn -0.9466 0.3205 -0.0341
vn -0.9324 0.3391 -0.1249
vn -0.1818 -0.6378 -0.7484
vn 0.1096 -0.9131 -0.3926
vn -0.6528 0.4029 -0.6415
vn -0.5338 -0.1872 -0.8246
vn 0.7378 -0.6703 -0.0796
vn -0.1919 -0.4682 -0.8625
vn -0.7741 -0.4998 -0.3886
vn 0.2381 -0.6521 -0.7198
vn -0.7246 0.5392 -0.4291
vn -0.1637 -0.8486 -0.5030
vn 0.5198 -0.8531 0.0457
vn 0.9041 -0.4243 -0.0504
vn 0.2143 -0.9303 -0.2975
vn 0.6707 -0.6681 0.3221
vn -0.9852 0.1712 0.0013
vn 0.8459 0.0595 -0.5300
vn -0.2411 0.4687 -0.8498
vn 0.4412 0.0144 -0.8973
vn 0.4418 0.0716 -0.8942
vn 0.4438 -0.6561 -0.6104
vn 0.5756 0.3928 -0.7172
vn 0.7223 0.6782 -0.1352
vn -0.9861 -0.1075 -0.1266
vn 0.9230 -0.1486 -0.3550
vn 0.7731 -0.4180 -0.4771
vn -0.3264 0.1066 -0.9392
vn -0.7907 0.0295 -0.6115
vn 0.3309 0.0112 -0.9436
vn -0.9742 -0.2117 -0.0783
vn 0.4210 0.0898 -0.9026
vn 0.4993 -0.8651 -0.0480
vn 0.4106 -0.0082 -0.9118
vn -0.1947 -0.9393 0.2824
vn -0.8226 0.1703 -0.5425
vn -0.6288 -0.7754 0.0590
vn -0.0624 0.2617 -0.9631
vn 0.2987 -0.9533 -0.0458
vn -0.9693 -0.1582 -0.1881
vn 0.6533 -0.6319 -0.4170
vn -0.8688 -0.4551 -0.1949
vn 0.4222 0.7110 -0.5623
vn 0.9295 0.3312 -0.1622
vn -0.6221 0.2671 0.7360
vn -0.7472 -0.6626 -0.0511
vn -0.7841 0.4481 0.4295
vn -0.8549 0.4394 -0.2759
vn -0.4217 -0.8792 -0.2217
vn -0.8929 -0.4501 -0.0097
vn -0.1957 0.9328 -0.3027
vn -0.9944 0.0962 -0.0436
vn -0.7511 -0.6485 -0.1236
vn -0.9610 -0.2016 -0.1895
vn -0.7598 0.6308 -0.1574
vn -0.6664 0.3628 0.6513
vn -0.6357 0.4821 -0.6029
vn -0.7040 0.4339 0.5622
vn 0.6775 -0.4824 0.5552
vn 0.7208 -0.3737 -0.5838
vn -0.2206 0.2831 -0.9334
vn 0.5632 -0.3695 0.7391
vn -0.5378 0.2212 0.8135
vn -0.7551 0.5090 -0.4132
vn -0.6062 0.3090 0.7329
vn 0.6765 -0.5405 0.5003
vn 0.5614 -0.3355 -0.7565
vn -0.4067 0.3788 -0.8313
vn 0.5607 -0.4321 0.7063
vn -0.2325 -0.1179 -0.9654
vn 0.7934 -0.4019 -0.4571
vn -0.4064 -0.1222 -0.9055
vn 0.3954 0.0936 -0.9137
vn 0.8399 0.4193 -0.3445
vn 0.9352 -0.0876 -0.3430
vn -0.9844 -0.0280 -0.1736
vn -0.9942 -0.1067 -0.0149
vn 0.1292 0.0181 -0.9915
vn -0.8673 0.0492 -0.4954
vn -0.3432 0.0594 -0.9374
vn 0.8286 -0.2151 -0.5168
vn 0.4702 -0.2991 -0.8303
vn -0.9995 -0.0076 -0.0304
vn 0.4310 -0.7086 -0.5587
vn 0.6059 0.0217 -0.7952
vn 0.5984 -0.3354 -0.7276
vn 0.9639 0.2591 0.0607
vn 0.1972 -0.9272 -0.3185
vn 0.6998 0.7043 -0.1189
vn 0.7216 0.6923 0.0112
vn 0.3946 -0.8682 -0.3010
vn 0.3665 -0.2874 0.8849
vn 0.3757 -0.2112 0.9023
vn 0.1261 -0.1843 0.9747
vn 0.1356 -0.2743 0.9520
vn 0.8893 -0.3134 -0.3331
vn 0.9594 0.1981 -0.2008
vn -0.5142 0.3101 -0.7997
vn -0.4617 0.1034 -0.8810
vn -0.0172 0.1080 -0.9940
vn 0.0520 0.2800 -0.9586
vn -0.8035 0.4143 0.4275
vn -0.9102 -0.3634 0.1986
vn -0.8114 0.5000 0.3027
vn -0.9403 -0.3283 0.0896
vn 0.8282 -0.4411 -0.3458
vn -0.0313 -0.3224 0.9461
vn 0.1273 0.3345 -0.9337
vn 0.2137 -0.2552 0.9430
vn -0.9415 -0.3369 -0.0025
vn -0.3933 0.1375 -0.9091
vn 0.9541 0.2992 0.0092
vn -0.9174 -0.3804 0.1168
vn 0.4184 -0.2803 0.8640
vn -0.1058 0.1814 -0.9777
vn 0.7847 -0.4252 -0.4511
vn 0.5651 -0.4043 0.7192
vn -0.7741 0.4757 0.4178
vn -0.5498 0.4117 -0.7268
vn -0.7455 0.4202 0.5173
vn 0.2898 -0.9150 -0.2806
vn 0.9504 -0.1335 -0.2809
vn 0.9697 -0.0918 -0.2264
vn 0.5204 -0.8092 -0.2728
vn 0.9473 -0.0853 -0.3087
vn 0.9407 -0.2425 -0.2373
vn 0.7495 -0.5521 -0.3651
vn 0.9062 -0.1460 -0.3968
vn -0.7236 0.6887 0.0447
vn 0.8251 -0.3299 0.4586
vn 0.0610 -0.0321 0.9976
vn -0.9480 -0.1578 0.2764
vn -0.9082 -0.3149 0.2757
vn 0.1852 -0.6673 0.7214
vn -0.9444 0.2145 -0.2491
vn -0.9655 0.1160 0.2332
vn 0.5702 -0.8186 0.0691
vn -0.2653 -0.4818 0.8351
vn -0.3547 0.2218 0.9083
vn -0.0411 0.7269 0.6855
vn 0.9717 -0.1703 0.1639
vn 0.7728 0.6341 0.0276
vn -0.7119 0.1093 0.6937
vn 0.0452 0.0601 0.9972
vn 0.6695 -0.4032 0.6239
vn -0.6981 0.6963 0.1668
vn 0.1458 0.9893 0.0102
vn -0.2887 0.1199 0.9499
vn -0.7262 -0.5933 -0.3473
vn -0.7217 0.6891 0.0654
vn -0.1387 -0.9531 -0.2691
vn 0.4460 0.3893 0.8059
vn 0.9101 -0.3571 0.2102
vn 0.5623 -0.7299 0.3887
vn 0.7803 -0.4529 0.4313
vn 0.9455 -0.3125 0.0917
vn 0.0028 0.9770 -0.2133
vn 0.7729 0.6345 -0.0000
vn 0.1527 0.9879 -0.0268
vn 0.9615 0.2424 -0.1292
vn 0.8321 -0.5091 0.2200
vn -0.1816 -0.3500 0.9190
vn 0.2182 -0.1410 0.9657
vn -0.8051 -0.4161 0.4227
vn 0.6553 -0.7068 0.2664
vn -0.1592 -0.4151 0.8957
vn 0.2632 -0.3717 0.8902
vn -0.2969 -0.9542 -0.0370
vn 0.3317 -0.9431 0.0230
vn -0.1929 -0.9660 -0.1722
vn -0.4281 -0.7847 0.4484
vn 0.0066 0.9563 0.2922
vn -0.7874 0.5760 0.2198
vn 0.5548 -0.6949 0.4576
vn -0.0116 -0.9866 0.1627
vn -0.7318 0.0306 0.6808
vn 0.5913 0.6741 0.4427
vn 0.9039 -0.0940 0.4174
vn 0.9585 -0.0752 0.2749
vn -0.3604 0.0290 0.9324
vn 0.2040 0.2295 0.9517
vn -0.9359 -0.1974 0.2918
vn -0.0152 -0.1617 -0.9867
vn 0.2205 -0.2335 -0.9470
vn -0.8825 -0.4652 -0.0688
vn -0.9450 0.3121 -0.0974
vn 0.9162 0.4004 0.0152
vn 0.1822 0.0954 0.9786
vn 0.9934 -0.0061 0.1144
vn 0.2115 0.1025 0.9720
vn -0.3045 -0.0802 0.9491
vn 0.1097 -0.5872 -0.8019
vn -0.7736 -0.6267 0.0943
vn 0.3437 -0.4713 -0.8123
vn -0.1103 -0.0336 -0.9933
vn 0.2916 0.0439 0.9555
vn 0.9765 -0.2154 -0.0003
vn 0.1554 -0.0817 -0.9845
vn -0.9617 0.2671 0.0619
vn -0.2649 0.1855 0.9463
vn -0.3470 0.0761 0.9348
vn -0.8973 -0.4392 0.0446
vn 0.2411 -0.1841 -0.9529
vn 0.1560 0.3109 0.9376
vn -0.3416 0.2673 0.9010
vn 0.0183 -0.2911 -0.9565
vn -0.2306 -0.4670 0.8537
vn -0.5559 -0.4833 0.6763
vn -0.5585 -0.2666 0.7855
vn -0.3558 -0.6015 0.7153
vn -0.2678 -0.4003 0.8764
vn -0.4656 -0.2792 0.8398
vn -0.3027 -0.6032 0.7379
vn -0.6150 -0.3714 0.6957
vn 0.4970 0.4050 0.7674
vn 0.7254 -0.6866 -0.0488
vn -0.0801 0.6846 0.7245
vn -0.5387 -0.5177 -0.6647
vn -0.0331 -0.8406 -0.5406
vn -0.7060 0.6922 0.1497
vn 0.8557 -0.2998 0.4218
vn -0.9368 0.2112 -0.2788
vn 0.7815 0.4723 -0.4077
vn 0.9382 0.2768 -0.2076
vn 0.5700 0.7260 -0.3847
vn 0.7069 0.5112 -0.4888
vn -0.6551 -0.4525 0.6051
vn -0.6992 0.4402 0.5633
vn 0.9130 0.3937 0.1071
vn -0.5806 -0.2472 0.7757
vn 0.4213 0.3680 0.8289
vn -0.3164 -0.4460 0.8373
vn 0.8529 0.2841 0.4379
vn 0.0377 0.9845 0.1711
vn 0.5541 0.8218 0.1325
vn 0.4519 0.5776 0.6799
vn 0.0658 0.7277 0.6827
vn 0.8866 -0.1310 0.4436
vn 0.3379 -0.3187 0.8856
vn -0.7552 0.5839 0.2979
vn 0.0285 0.4283 0.9032
vn -0.7769 -0.4630 0.4267
vn 0.4944 0.7222 0.4838
vn -0.3024 0.7099 0.6361
vn -0.4726 0.8683 0.1503
vn -0.4786 0.0285 0.8776
vn -0.7492 -0.4365 0.4982
vn 0.6861 0.3360 0.6453
vn 0.5530 0.8332 -0.0084
vn 0.7708 0.6004 -0.2128
vn 0.7773 0.2625 0.5718
vn 0.7331 0.3763 0.5666
vn -0.9981 0.0593 0.0178
vn -0.9952 -0.0173 0.0968
vn 0.6418 0.3523 0.6812
vn 0.2678 -0.1449 0.9525
vn 0.7304 -0.0067 0.6830
vn -0.5349 -0.0193 0.8447
vn -0.3198 0.4318 0.8434
vn 0.6768 -0.4089 0.6121
vn 0.3888 -0.8524 0.3496
vn 0.9603 -0.0406 0.2760
vn 0.7154 0.0480 0.6971
vn 0.4196 -0.3081 0.8538
vn -0.7599 0.1330 0.6363
vn -0.3780 0.0692 0.9232
vn -0.8044 -0.2656 0.5314
vn 0.0076 -0.9583 0.2857
vn 0.3664 0.0032 0.9305
vn -0.3369 -0.8997 0.2776
vn -0.9952 -0.0914 0.0363
vn -0.9679 -0.2403 0.0731
vn 0.9690 -0.0530 0.2413
vn 0.7579 0.6450 -0.0975
vn 0.9182 0.2141 0.3333
vn 0.9363 -0.3032 0.1769
vn 0.3409 0.9215 -0.1859
vn -0.4012 0.8258 0.3964
vn -0.9123 -0.3726 0.1698
vn -0.7858 0.6070 0.1189
vn 0.5278 0.7610 0.3771
vn 0.0580 0.8921 0.4482
vn 0.8695 0.3635 0.3343
vn 0.8882 -0.0864 0.4513
vn -0.9485 0.1904 0.2531
vn 0.7101 0.6905 0.1377
vn 0.7957 0.5519 0.2496
vn 0.8012 -0.4514 0.3928
vn 0.5749 0.5176 0.6338
vn 0.6649 0.7464 0.0286
vn 0.5648 0.8098 0.1590
vn 0.7190 -0.6340 0.2848
vn 0.7455 0.5916 0.3071
vn 0.9099 -0.3290 0.2528
vn -0.8502 0.5184 0.0913
vn -0.4321 0.1129 0.8947
vn 0.6656 -0.4446 0.5994
vn -0.0330 0.1490 0.9883
vn -0.8232 0.4948 0.2784
vn 0.3193 0.0215 0.9474
vn 0.9765 -0.1283 0.1732
vn -0.7114 0.3468 0.6113
vn 0.1828 0.0823 0.9797
vn 0.4286 0.8194 0.3807
vn 0.4014 0.0059 0.9159
vn 0.3760 -0.0485 0.9254
vn 0.0472 -0.2588 0.9648
vn 0.1182 -0.9276 0.3543
vn 0.3669 0.6367 0.6782
vn 0.4447 0.8790 0.1722
vn 0.0906 -0.5014 0.8604
vn 0.2975 0.3883 0.8722
vn -0.4212 -0.2755 0.8641
vn 0.3150 -0.3326 0.8889
vn 0.1424 0.9346 0.3260
vn -0.2970 0.2349 0.9255
vn 0.8984 -0.1070 0.4260
vn 0.7986 -0.0874 0.5955
vn 0.4961 0.4593 -0.7369
vn 0.3186 0.7930 -0.5192
vn 0.4565 0.8642 -0.2116
vn 0.7818 0.4163 -0.4642
vn 0.1580 -0.9874 0.0095
vn -0.2227 0.9564 -0.1887
vn 0.8940 0.3201 -0.3136
vn 0.4065 -0.9127 -0.0413
vn -0.1789 0.9620 -0.2062
vn 0.6014 0.0470 0.7976
vn 0.5110 -0.8582 -0.0477
vn 0.8164 -0.4365 0.3782
vn 0.9085 -0.1191 0.4005
vn 0.9931 -0.0915 0.0733
vn 0.6941 0.3034 0.6529
vn 0.4110 0.6486 0.6407
vn 0.5798 0.7938 0.1834
vn 0.8627 -0.1999 0.4645
vn 0.5479 -0.8114 0.2035
vn 0.9491 0.1188 -0.2919
vn 0.9815 -0.1539 0.1137
vn -0.1732 0.9844 -0.0312
vn 0.8889 0.3944 0.2332
vn -0.2487 -0.9301 0.2701
vn -0.1293 0.3320 0.9344
vn -0.1029 -0.6529 0.7504
vn -0.7751 0.1524 0.6131
vn 0.1899 -0.9656 -0.1777
vn -0.1117 -0.8486 0.5171
vn -0.9145 0.2923 0.2798
vn -0.0979 0.0020 0.9952
vn 0.1597 -0.9380 0.3077
vn -0.3496 -0.0740 0.9340
vn -0.9605 0.2658 0.0830
vn 0.2225 -0.9679 0.1170
vn -0.9387 0.3414 0.0488
vn -0.8835 0.4148 0.2177
vn -0.2125 -0.3537 0.9109
vn 0.0371 -0.7877 0.6150
vn -0.8073 0.3738 0.4566
vn -0.1694 0.2229 0.9600
vn 0.6600 -0.6394 0.3944
vn -0.3067 -0.4172 0.8555
vn -0.8417 -0.4582 0.2857
vn 0.1495 -0.6180 0.7718
vn -0.7887 0.6054 0.1075
vn -0.2698 -0.5810 0.7679
vn 0.4848 -0.7176 0.5000
vn 0.9293 0.0824 0.3601
vn 0.2760 -0.2418 0.9302
vn 0.6654 -0.7414 0.0863
vn -0.9860 0.1653 0.0225
vn 0.8520 0.0313 0.5226
vn -0.2311 0.4224 0.8764
vn 0.4516 -0.0335 0.8916
vn 0.4439 0.0379 0.8953
vn 0.4506 -0.6877 0.5692
vn 0.5764 0.3697 0.7288
vn 0.7240 0.6702 0.1630
vn -0.9881 -0.1073 0.1105
vn 0.9270 -0.1671 0.3358
vn 0.9178 -0.2867 0.2747
vn -0.3155 0.0561 0.9473
vn -0.7874 -0.1594 0.5955
vn 0.3419 -0.0393 0.9389
vn -0.9853 -0.1435 0.0922
vn 0.3380 0.3338 0.8800
vn 0.3870 -0.7404 0.5495
vn 0.3714 0.4829 0.7930
vn -0.2472 -0.7898 0.5614
vn -0.8696 0.4142 0.2687
vn -0.4598 -0.4097 0.7879
vn -0.1182 0.6890 0.7150
vn 0.1629 -0.7413 0.6511
vn -0.9899 -0.0155 0.1407
vn 0.5775 -0.3812 0.7220
vn -0.9110 -0.4010 0.0963
vn 0.6132 0.7897 0.0181
vn 0.8759 0.3987 -0.2717
vn -0.9587 0.2686 -0.0936
vn -0.6449 -0.7642 0.0055
vn -0.9344 0.2885 -0.2089
vn -0.8871 0.4587 0.0519
vn -0.3410 -0.9237 0.1747
vn -0.8714 -0.4853 -0.0719
vn -0.1511 0.9621 -0.2271
vn -0.9883 0.1139 0.1015
vn -0.7767 -0.6253 0.0763
vn -0.9694 -0.2070 0.1320
vn -0.7558 0.6512 -0.0693
vn -0.9357 0.3008 -0.1847
vn -0.3191 0.2582 0.9119
vn -0.9440 0.3219 -0.0717
vn 0.1986 -0.2210 -0.9549
vn 0.9405 -0.3176 0.1210
vn 0.2046 0.0806 0.9755
vn -0.0383 -0.1460 -0.9885
vn -0.8848 0.4218 -0.1979
vn -0.2852 0.3710 0.8837
vn -0.8947 0.4376 -0.0894
vn 0.2263 -0.1056 -0.9683
vn 0.9818 -0.1650 0.0936
vn 0.2342 0.2089 0.9495
vn -0.0132 -0.0340 -0.9993
vn 0.0463 -0.4227 0.9051
vn 0.7827 -0.1963 0.5907
vn -0.3959 -0.1707 0.9023
vn 0.6165 0.0538 0.7855
vn 0.8440 0.4005 0.3567
vn 0.9391 -0.1055 0.3270
vn -0.9747 -0.1137 0.1925
vn -0.9908 -0.1162 0.0697
vn 0.2691 0.1188 0.9558
vn -0.9122 -0.1072 0.3956
vn -0.3779 -0.0869 0.9217
vn 0.8345 -0.2422 0.4949
vn 0.3894 -0.0964 0.9160
vn -0.9980 -0.0625 0.0014
vn 0.4372 -0.7373 0.5150
vn 0.6151 -0.0207 0.7882
vn 0.6067 -0.3737 0.7016
vn 0.8041 0.4339 0.4064
vn 0.2508 -0.9430 0.2186
vn 0.7014 0.6972 0.1484
vn 0.7811 0.6178 0.0902
vn 0.2078 -0.9357 0.2851
vn 0.2432 -0.2260 -0.9433
vn 0.2400 -0.1801 -0.9539
vn -0.0135 -0.1897 -0.9818
vn 0.0136 -0.2758 -0.9611
vn 0.9801 -0.1502 0.1299
vn 0.9540 0.2972 0.0395
vn -0.3870 0.2365 0.8912
vn -0.3504 0.0868 0.9326
vn 0.1949 0.1432 0.9703
vn 0.1610 0.2938 0.9422
vn -0.9469 0.2480 -0.2048
vn -0.9043 -0.4192 -0.0807
vn -0.9540 0.2773 -0.1143
vn -0.9179 -0.3953 0.0340
vn 0.9427 -0.3009 0.1444
vn 0.0226 -0.2895 -0.9569
vn 0.1548 0.3096 0.9382
vn 0.2494 -0.1811 -0.9513
vn -0.8975 -0.4386 0.0460
vn -0.3514 0.0742 0.9333
vn 0.9170 0.3984 0.0213
vn -0.8806 -0.4671 -0.0797
vn -0.0246 -0.1516 -0.9881
vn 0.1912 0.0869 0.9777
vn 0.9396 -0.3144 0.1354
vn 0.2116 -0.2264 -0.9508
vn -0.9436 0.3195 -0.0865
vn -0.3319 0.2626 0.9060
vn -0.9337 0.2978 -0.1988
vn 0.2927 -0.9287 0.2277
vn 0.8331 -0.4478 0.3246
vn 0.9722 -0.1035 0.2098
vn 0.2694 -0.9236 0.2727
vn 0.9438 -0.0468 0.3273
vn 0.9433 -0.2546 0.2130
vn 0.7535 -0.5707 0.3263
vn 0.8726 -0.4374 0.2175
vn -0.6815 -0.7245 -0.1036
vn -0.3308 -0.5920 -0.7349
vn -0.3269 -0.6350 -0.7000
vn -0.5602 -0.8261 -0.0609
vn 0.6149 -0.6756 0.4068
vn 0.9562 -0.2920 -0.0187
vn 0.9969 -0.0749 0.0235
vn 0.7450 -0.3336 0.5776
vn -0.5573 -0.5400 0.6308
vn -0.3482 -0.6518 0.6737
vn 0.0965 -0.3898 0.9158
vn -0.0470 -0.1994 0.9788
vn 0.0496 0.3685 -0.9283
vn 0.0362 0.5661 -0.8235
vn 0.7431 0.3042 -0.5961
vn 0.7090 -0.0249 -0.7047
vn 0.3060 -0.1736 -0.9361
vn 0.2111 -0.0245 -0.9771
vn 0.7257 0.4220 -0.5434
vn 0.7885 0.2772 -0.5490
vn -0.8453 -0.1648 0.5083
vn -0.8139 -0.2538 0.5227
vn -0.3791 0.4367 0.8158
vn -0.1488 -0.0236 0.9886
vn 0.4727 0.4662 0.7478
vn 0.7668 0.6127 0.1914
vn 0.6669 0.7145 0.2115
vn 0.2714 0.6744 0.6867
vn -0.9487 -0.1236 -0.2910
vn -0.6175 -0.0238 -0.7862
vn -0.5062 -0.2811 -0.8153
vn -0.8827 -0.3794 -0.2774
vn 0.6486 0.0340 0.7604
vn 0.9132 0.3330 0.2351
vn 0.9187 0.3373 0.2057
vn 0.5163 0.2866 0.8070
vn 0.3192 -0.2140 -0.9232
vn 0.3282 -0.1974 -0.9238
vn 0.8214 0.1838 -0.5399
vn 0.8046 0.1992 -0.5594
vn -0.7699 -0.3183 0.5531
vn -0.6657 -0.4416 0.6015
vn -0.2372 0.0444 0.9705
vn -0.3323 0.2164 0.9180
vn -0.8401 -0.4847 -0.2435
vn -0.4495 -0.3785 -0.8091
vn -0.3511 -0.5389 -0.7657
vn -0.7557 -0.6300 -0.1789
vn -0.9478 0.3189 -0.0021
vn -0.6394 0.4930 -0.5900
vn -0.6379 0.3203 -0.7004
vn -0.9640 0.1887 -0.1872
vn -0.7043 -0.0206 0.7096
vn -0.7930 -0.0561 0.6067
vn -0.0417 -0.4707 0.8813
vn 0.0116 -0.3947 0.9188
vn 0.1510 0.0458 -0.9875
vn 0.0900 0.1597 -0.9830
vn 0.8057 0.2969 -0.5125
vn 0.7156 0.4978 -0.4900
vn 0.0402 0.8665 0.4976
vn 0.4782 0.8424 0.2485
vn 0.4146 0.8787 0.2367
vn -0.6183 0.5904 -0.5188
vn -0.8800 -0.4325 -0.1963
vn -0.2873 -0.9123 -0.2917
vn -0.5610 0.8125 -0.1583
vn 0.8806 0.2139 0.4228
vn 0.7152 0.2204 -0.6632
vn -0.6452 0.4317 0.6303
vn -0.5769 0.3905 0.7174
vn -0.3097 -0.7668 -0.5621
vn 0.5978 0.7919 0.1248
vn 0.7838 0.4672 -0.4092
vn 0.8868 -0.2585 0.3831
vn -0.6629 0.7394 0.1181
vn -0.7120 -0.2540 0.6546
vn 0.0539 0.8085 0.5860
vn 0.3036 -0.4578 0.8356
vn -0.7368 -0.6760 -0.0070
vn 0.7924 -0.5680 0.2224
vn 0.7404 0.2045 -0.6403
vn -0.4770 -0.3071 0.8235
vn 0.2732 -0.5238 0.8068
vn 0.6415 0.7655 -0.0508
vn 0.3728 -0.1401 -0.9173
vn -0.4952 0.2097 0.8431
vn -0.6411 -0.3909 0.6604
vn 0.7826 0.1814 -0.5955
vn 0.1047 -0.7362 0.6686
vn -0.3375 -0.0950 0.9365
vn 0.4119 -0.1819 -0.8929
vn 0.6295 -0.7739 0.0692
vn -0.8299 -0.0564 0.5550
vn -0.8580 0.1798 0.4811
vn 0.3900 -0.1671 -0.9055
vn 0.0105 0.8823 0.4705
vn 0.6422 -0.1829 0.7444
vn 0.4156 0.8253 0.3823
vn 0.1728 0.9311 -0.3212
vn -0.6977 -0.7106 -0.0910
vn -0.4257 -0.4137 -0.8047
vn 0.5686 0.2221 0.7920
vn 0.6318 -0.4674 -0.6184
vn 0.8894 -0.1205 -0.4409
vn 0.7715 0.5748 0.2728
vn 0.3396 0.6333 0.6955
vn -0.4882 -0.8620 -0.1364
vn -0.5327 -0.6053 -0.5915
vn -0.6858 -0.7156 -0.1325
vn -0.8936 -0.3774 -0.2430
vn 0.6092 0.5574 0.5641
vn 0.5405 -0.4208 -0.7286
vn -0.9304 0.2739 0.2435
vn -0.9068 -0.3799 -0.1828
vn 0.3028 0.4517 0.8392
vn -0.9233 0.0040 0.3840
vn 0.9691 0.1416 -0.2020
vn 0.8111 0.4687 0.3499
vn -0.3860 -0.5044 -0.7724
vn -0.6147 0.6312 0.4730
vn 0.8801 -0.0368 -0.4734
vn -0.6894 -0.7043 -0.1693
vn -0.8347 -0.3407 0.4326
vn -0.9254 -0.2727 0.2632
vn -0.6614 -0.6742 -0.3286
vn 0.7256 -0.6559 -0.2083
vn 0.9417 -0.2018 0.2691
vn 0.9764 -0.0712 0.2041
vn 0.7994 -0.5271 -0.2883
vn -0.1253 -0.8085 -0.5750
vn 0.0947 -0.9086 -0.4068
vn 0.5146 -0.7484 -0.4184
vn 0.5006 -0.6364 -0.5869
vn -0.0114 0.7097 0.7045
vn -0.0135 0.7833 0.6215
vn 0.6470 0.4218 0.6352
vn 0.6463 0.2780 0.7106
vn -0.2514 0.3052 0.9185
vn -0.1819 0.5272 0.8300
vn 0.5301 0.6333 0.5638
vn 0.4594 0.4856 0.7437
vn -0.6761 -0.2898 -0.6775
vn -0.5938 -0.4691 -0.6537
vn 0.1356 -0.2758 -0.9516
vn 0.0829 -0.2311 -0.9694
vn 0.8372 0.0759 -0.5416
vn 0.9341 0.3373 0.1171
vn 0.8730 0.4725 -0.1211
vn 0.7008 0.1923 -0.6869
vn -0.9901 0.1269 -0.0596
vn -0.7560 0.4481 0.4771
vn -0.8084 0.1956 0.5552
vn -0.9817 -0.1901 -0.0068
vn 0.9518 -0.2561 -0.1688
vn 0.8791 0.1774 0.4424
vn 0.9363 0.2618 0.2340
vn 0.9394 -0.1233 -0.3199
vn -0.4185 0.1064 0.9020
vn -0.3205 0.2504 0.9136
vn 0.3815 0.4026 0.8321
vn 0.2588 0.3362 0.9055
vn -0.4760 -0.5182 -0.7106
vn -0.3375 -0.6476 -0.6832
vn 0.3629 -0.4559 -0.8127
vn 0.2403 -0.3299 -0.9129
vn -0.9365 -0.3390 -0.0894
vn -0.8526 0.0385 0.5212
vn -0.8366 -0.1643 0.5226
vn -0.8522 -0.5100 -0.1169
vn -0.8907 0.3016 -0.3401
vn -0.6634 0.7193 0.2062
vn -0.6827 0.6455 0.3424
vn -0.9407 0.2836 -0.1864
vn -0.4661 -0.2530 -0.8478
vn -0.5195 -0.2409 -0.8198
vn 0.1364 -0.6616 -0.7373
vn 0.2159 -0.6119 -0.7609
vn -0.0926 0.6257 0.7745
vn -0.0196 0.6774 0.7353
vn 0.7112 0.5071 0.4868
vn 0.6111 0.6972 0.3747
vn 0.5961 0.2768 -0.7537
vn 0.7718 0.5397 -0.3362
vn 0.9296 0.2649 -0.2562
vn 0.7480 -0.1109 -0.6544
vn -0.8473 0.0660 -0.5270
vn -0.8406 -0.5383 -0.0610
vn -0.1583 0.9852 0.0653
vn 0.9220 -0.2603 0.2867
vn 0.1543 -0.0380 0.9873
vn 0.1946 0.7144 -0.6722
vn 0.2338 0.5414 -0.8076
vn -0.8639 -0.5000 0.0610
vn 0.8437 0.3060 0.4410
vn 0.4434 0.1057 0.8900
vn 0.7301 -0.6618 0.1700
vn -0.4382 0.8988 0.0131
vn -0.1851 0.0296 -0.9823
vn 0.7532 0.6034 -0.2620
vn -0.1254 -0.2170 -0.9681
vn -0.8163 -0.2248 -0.5321
vn 0.3603 -0.9165 0.1737
vn 0.1913 -0.1147 0.9748
vn 0.0060 -0.1200 -0.9928
vn 0.3975 -0.7105 -0.5807
vn 0.4919 0.8251 0.2781
vn -0.4269 -0.0998 0.8988
vn 0.5115 -0.2819 -0.8117
vn -0.0656 -0.5572 -0.8278
vn 0.1779 0.0641 0.9820
vn 0.1386 -0.7601 -0.6349
vn 0.2928 -0.0268 -0.9558
vn -0.3198 -0.3538 0.8790
vn 0.0340 -0.9929 0.1143
vn -0.2480 0.3388 -0.9076
vn -0.1911 0.5392 -0.8202
vn -0.3721 -0.1695 0.9126
vn 0.5620 0.7489 -0.3512
vn 0.7843 -0.5807 -0.2181
vn 0.8981 0.4311 0.0873
vn 0.3985 0.7412 0.5403
vn -0.8957 -0.1439 -0.4208
vn -0.9705 -0.0978 0.2204
vn 0.9423 -0.2231 -0.2496
vn -0.1066 -0.6859 0.7198
vn 0.2426 -0.4946 0.8346
vn 0.8990 0.1371 0.4160
vn 0.9399 0.2075 -0.2711
vn -0.8258 -0.4522 -0.3371
vn -0.9889 -0.1440 0.0361
vn -0.9305 -0.1449 -0.3363
vn -0.8880 0.3282 -0.3222
vn 0.9964 0.0769 0.0364
vn -0.2735 -0.5159 0.8118
vn -0.3437 0.7225 -0.5999
vn -0.8722 0.1818 -0.4540
vn 0.9177 0.0970 -0.3853
vn -0.3747 0.3760 -0.8475
vn 0.5572 -0.3098 0.7704
vn 0.9471 -0.0552 0.3161
vn -0.9578 -0.1071 0.2666
vn 0.1249 0.5876 -0.7995
vn 0.2571 -0.3801 0.8885
vn 0.6713 0.0631 0.7385
vn -0.8810 0.0902 0.4645
vn -0.6938 0.1501 -0.7044
vn 0.9124 0.4007 -0.0831
vn -0.0227 -0.9995 0.0211
vn -0.5981 -0.0317 -0.8008
vn -0.7087 -0.0389 -0.7044
vn -0.9563 -0.0816 0.2807
vn 0.5904 -0.0269 0.8066
vn 0.4086 0.8795 0.2438
vn 0.3164 0.8950 0.3143
vn 0.7452 0.4172 -0.5202
vn 0.8867 -0.0000 0.4624
vn -0.0702 0.1901 -0.9793
vn -0.1866 0.8939 -0.4075
vn -0.3126 -0.0358 0.9492
vn -0.0338 -0.9993 -0.0153
vn 0.1720 0.3548 -0.9190
vn -0.3045 0.1684 0.9375
vn -0.1460 0.0492 0.9881
vn 0.7754 -0.2458 0.5817
vn 0.9453 -0.2075 -0.2517
vn -0.8588 0.3293 0.3925
vn -0.6389 0.3434 -0.6884
vn 0.2037 0.0475 -0.9779
vn -0.3323 0.9003 -0.2811
vn 0.3416 0.8883 0.3069
vn -0.7436 -0.0317 -0.6679
vn 0.7386 0.1198 0.6634
vn -0.3030 -0.0044 0.9530
vn -0.1979 0.2120 -0.9570
vn 0.8648 0.1184 0.4880
vn 0.5913 0.1176 0.7978
vn 0.5926 0.0085 0.8054
vn -0.9671 -0.0324 0.2523
vn -0.7110 -0.0092 -0.7031
vn 0.5852 -0.0309 0.8103
vn 0.9030 -0.0307 0.4285
vn 0.7436 -0.0317 0.6679
vn -0.7387 0.1201 -0.6633
vn -0.3072 0.0965 0.9467
vn 0.5678 0.7271 -0.3859
vn -0.2514 0.4523 -0.8557
vn 0.5580 0.7271 -0.3999
vn 0.5918 0.1304 0.7954
vn -0.9611 0.0665 0.2682
vn -0.6996 0.0961 -0.7081
vn -0.5869 0.1195 -0.8008
vn 0.4366 0.8911 0.1236
vn 0.3203 0.9329 0.1645
vn 0.3126 0.9424 0.1192
vn 0.3225 0.9357 0.1430
vn 0.4283 0.8960 0.1169
vn 0.4175 0.8961 0.1507
vn -0.1350 -0.0566 0.9892
vn -0.9152 0.2951 0.2744
vn 0.8440 -0.3604 -0.3972
vn 0.2154 0.0867 -0.9727
vn 0.7048 -0.4139 0.5761
vn -0.7430 0.3728 -0.5559
vn 0.0064 0.0662 -0.9978
vn -0.9444 0.1054 0.3115
vn -0.0481 0.1587 0.9862
vn 0.7360 0.4077 -0.5405
vn -0.0125 -0.9999 -0.0000
vn 0.1063 -0.0307 0.9939
vn -0.0589 -0.0319 0.9978
vn -0.8897 -0.0783 0.4498
vn -0.0822 -0.0442 -0.9956
vn 0.3720 0.9268 -0.0521
vn 0.0147 0.8942 -0.4474
vn 0.2573 0.2120 -0.9428
vn 0.6150 0.1901 0.7653
vn 0.9039 0.4063 -0.1335
vn 0.1406 0.8939 0.4256
vn -0.8773 -0.0343 -0.4788
vn -0.0007 -1.0000 -0.0000
vn 0.7459 0.3743 0.5509
vn -0.8995 0.1999 -0.3886
vn -0.7986 0.2052 -0.5658
vn 0.0996 -0.0571 -0.9934
vn 0.8625 -0.1180 -0.4921
vn -0.8898 0.2419 0.3869
vn -0.0943 0.0728 0.9929
vn 0.7926 -0.0864 0.6035
vn -0.0523 0.9003 0.4320
vn 0.0543 0.8905 -0.4517
vn -0.0903 -0.0317 0.9954
vn 0.0898 0.1196 -0.9888
vn -0.8727 -0.0068 -0.4882
vn 0.5062 0.2120 0.8359
vn 0.1637 0.4522 -0.8767
vn 0.8678 0.4819 -0.1214
vn -0.1096 0.1176 -0.9870
vn -0.0864 -0.0060 -0.9962
vn -0.8790 -0.0299 0.4758
vn -0.0622 -0.0000 0.9981
vn -0.1226 -0.0309 -0.9920
vn 0.3812 0.1901 -0.9047
vn -0.0898 0.1196 0.9888
vn -0.8761 0.0973 -0.4721
vn 0.6787 0.7271 -0.1036
vn 0.3981 0.4523 0.7981
vn -0.0787 0.1104 -0.9908
vn -0.8837 0.0728 0.4624
vn -0.0509 0.1201 0.9915
vn 0.1151 0.1168 0.9865
vn 0.1830 0.9688 -0.1669
vn 0.1416 0.9818 -0.1265
vn 0.1365 0.9853 -0.1031
vn 0.1351 0.9820 -0.1317
vn 0.2143 0.9667 -0.1397
vn 0.1993 0.9688 -0.1475
vn -0.7963 0.0576 -0.6021
vn -0.8532 0.1877 0.4866
vn 0.8879 -0.2391 -0.3931
vn 0.8290 -0.0994 0.5503
vn 0.0795 -0.1205 -0.9895
vn -0.0761 0.1658 0.9832
vn -0.6933 0.5069 -0.5122
vn 0.0706 0.9886 -0.1328
vn 0.0572 0.7690 -0.6367
vn -0.7637 0.5779 -0.2878
vn 0.0204 0.4475 -0.8941
vn -0.3889 0.7600 -0.5207
vn -0.4643 0.8773 -0.1217
vn -0.9947 0.0463 -0.0919
vn 0.1602 0.1202 -0.9797
vn -0.2615 0.1193 -0.9578
vn -0.3269 0.4653 -0.8226
vn -0.7690 0.1442 -0.6227
vn -0.3076 0.0829 -0.9479
vn -0.8615 -0.0582 -0.5044
vn -0.9870 0.1342 -0.0883
vn -0.9951 0.0081 -0.0990
vn -0.4471 0.8432 -0.2986
vn -0.7965 0.5995 -0.0783
vn 0.0592 0.9196 -0.3883
vn -0.9645 0.1213 -0.2348
vn -0.8785 0.4692 -0.0899
vn -0.4145 0.3216 -0.8513
vn -0.0371 0.2237 -0.9740
vn -0.8356 0.4862 -0.2557
vn -0.7060 0.4425 -0.5530
vn 0.2151 0.3246 -0.9211
vn 0.4502 0.8012 -0.3943
vn 0.3643 0.6853 -0.6306
vn 0.4756 0.8696 -0.1329
vn 0.2697 0.4266 -0.8633
vn 0.0715 -0.1119 -0.9911
vn -0.7638 0.2305 -0.6029
vn -0.9236 0.2778 -0.2643
vn -0.1363 0.0229 -0.9904
vn -0.3743 0.1063 -0.9212
vn -0.9712 0.2294 -0.0646
vn -0.8930 -0.4125 -0.1799
vn -0.3020 0.0691 -0.9508
vn -0.7933 -0.1465 -0.5910
vn 0.2146 0.0756 -0.9738
vn -0.9234 -0.3821 -0.0357
vn -0.9301 0.2903 -0.2251
vn -0.2781 -0.0861 -0.9567
vn 0.5814 0.8013 -0.1408
vn 0.4919 0.6548 -0.5738
vn -0.6944 0.4211 0.5835
vn 0.0714 0.9805 0.1832
vn 0.0771 0.7200 0.6897
vn -0.7601 0.5614 0.3272
vn 0.0145 0.4255 0.9048
vn -0.2980 0.6912 0.6584
vn -0.4625 0.8694 0.1739
vn -0.9876 0.1140 0.1080
vn 0.1018 -0.0725 0.9922
vn -0.3833 -0.0428 0.9226
vn -0.3172 0.4204 0.8501
vn -0.7617 0.1104 0.6384
vn -0.2965 0.0319 0.9545
vn -0.8485 -0.3743 0.3740
vn -0.9906 -0.0612 0.1220
vn -0.9436 -0.3273 0.0498
vn -0.3914 0.8170 0.4235
vn -0.8012 0.5832 0.1336
vn 0.0821 0.8828 0.4626
vn -0.9533 0.1630 0.2542
vn -0.8656 0.4910 0.0980
vn -0.3560 0.0899 0.9302
vn -0.0257 0.1712 0.9849
vn -0.8332 0.4690 0.2930
vn -0.7087 0.3285 0.6243
vn 0.2259 0.2749 0.9346
vn 0.4248 0.8284 0.3651
vn 0.3458 0.7020 0.6225
vn 0.4825 0.8562 0.1847
vn 0.2490 0.4446 0.8604
vn 0.0830 -0.1648 0.9828
vn -0.7580 0.1282 0.6395
vn -0.9203 0.2630 0.2895
vn -0.1248 -0.0302 0.9917
vn -0.3415 -0.1261 0.9314
vn -0.9703 0.2253 0.0880
vn -0.9308 -0.3166 0.1825
vn -0.2910 0.0180 0.9566
vn -0.7710 -0.3185 0.5515
vn 0.1696 0.0114 0.9854
vn -0.8609 -0.5085 0.0150
vn -0.9388 0.2052 0.2765
vn -0.3069 -0.1305 0.9428
vn 0.5997 0.7643 0.2372
vn 0.4903 0.7067 0.5102
vn 0.7043 -0.4491 0.5498
vn -0.0714 -0.9886 0.1325
vn -0.0721 -0.7551 0.6517
vn 0.7673 -0.5742 0.2856
vn -0.0069 -0.4695 0.8829
vn 0.3049 -0.7260 0.6165
vn 0.4669 -0.8758 0.1223
vn 0.9868 -0.1341 0.0906
vn -0.0909 0.0180 0.9957
vn 0.2609 -0.1195 0.9579
vn 0.3270 -0.4632 0.8237
vn 0.7701 -0.1453 0.6211
vn 0.3009 -0.0828 0.9501
vn 0.8098 0.2227 0.5428
vn 0.9970 -0.0265 0.0722
vn 0.9898 0.1405 -0.0254
vn 0.3968 -0.8382 0.3741
vn 0.8061 -0.5842 0.0939
vn -0.0789 -0.9052 0.4175
vn 0.9639 -0.1346 0.2296
vn 0.8654 -0.4974 0.0612
vn 0.3639 -0.1325 0.9220
vn 0.0365 -0.2224 0.9743
vn 0.8351 -0.4876 0.2547
vn 0.7154 -0.3676 0.5942
vn -0.2176 -0.3327 0.9176
vn -0.4231 -0.8469 0.3221
vn -0.3428 -0.7332 0.5872
vn -0.4837 -0.8628 0.1469
vn -0.2408 -0.4852 0.8406
vn -0.0682 0.1235 0.9900
vn 0.7660 -0.1650 0.6213
vn 0.9245 -0.2772 0.2615
vn 0.1367 -0.0226 0.9904
vn 0.3467 0.0802 0.9345
vn 0.9705 -0.2244 0.0880
vn 0.9369 0.2915 0.1929
vn 0.2954 -0.0665 0.9531
vn 0.7904 -0.0453 0.6109
vn -0.1582 -0.0643 0.9853
vn 0.9289 0.3567 0.1001
vn 0.9250 -0.3023 0.2300
vn 0.2711 0.0865 0.9587
vn -0.5969 -0.7745 0.2094
vn -0.4874 -0.7316 0.4766
vn 0.6910 -0.4767 -0.5434
vn -0.0745 -0.9797 -0.1863
vn -0.0667 -0.7342 -0.6756
vn 0.7638 -0.5578 -0.3248
vn -0.0316 -0.3976 -0.9170
vn 0.3833 -0.7317 -0.5637
vn 0.4651 -0.8679 -0.1745
vn 0.9830 -0.1407 -0.1180
vn -0.1713 -0.0585 -0.9835
vn 0.3807 0.0294 -0.9242
vn 0.3173 -0.4183 -0.8511
vn 0.7628 -0.1116 -0.6369
vn 0.2898 -0.0317 -0.9566
vn 0.7174 0.5781 -0.3888
vn 0.9614 0.0023 -0.2750
vn 0.9436 0.2174 -0.2495
vn 0.4451 -0.8252 -0.3477
vn 0.7984 -0.5903 -0.1189
vn -0.0657 -0.8966 -0.4379
vn 0.9612 -0.1218 -0.2476
vn 0.8767 -0.4642 -0.1260
vn 0.4050 -0.2763 -0.8716
vn 0.0251 -0.1699 -0.9851
vn 0.8315 -0.4745 -0.2890
vn 0.6999 -0.4147 -0.5815
vn -0.2283 -0.2831 -0.9315
vn -0.4569 -0.7778 -0.4316
vn -0.3738 -0.6508 -0.6609
vn -0.4797 -0.8600 -0.1742
vn -0.2772 -0.3793 -0.8828
vn -0.0796 0.1763 -0.9811
vn 0.7581 -0.1976 -0.6215
vn 0.9214 -0.2625 -0.2867
vn 0.1252 0.0306 -0.9917
vn 0.3601 -0.0509 -0.9315
vn 0.9635 -0.2526 -0.0885
vn 0.9050 0.3874 -0.1756
vn 0.2843 -0.0152 -0.9586
vn 0.7862 0.0181 -0.6177
vn -0.2259 -0.0232 -0.9739
vn 0.9173 0.3905 -0.0781
vn 0.9181 -0.2408 -0.3148
vn 0.2600 0.1378 -0.9557
vn -0.5832 -0.7924 -0.1786
vn -0.4998 -0.6236 -0.6011
vn 0.3538 -0.0555 -0.9337
vn -0.2092 -0.9777 0.0173
vn -0.9255 0.2286 0.3021
vn -0.5176 -0.8390 0.1678
vn 0.9440 -0.1478 -0.2951
vn -0.5778 -0.7925 0.1952
vn 0.8076 -0.5887 0.0338
vn 0.8541 -0.5200 0.0060
vn 0.9280 -0.2520 0.2746
vn 0.9336 -0.2446 -0.2617
vn -0.9809 0.0859 -0.1745
vn 0.8715 -0.4780 0.1094
vn 0.9298 -0.3611 0.0718
vn 0.9433 -0.1288 -0.3060
vn -0.9810 0.1280 -0.1455
vn 0.9659 -0.2228 0.1316
vn 0.9171 -0.2873 -0.2765
vn -0.3166 0.0411 0.9477
vn -0.2249 -0.9726 -0.0581
vn -0.5548 -0.8280 -0.0819
vn 0.8629 -0.4694 0.1873
vn 0.7980 -0.6017 0.0334
vn -0.0885 -0.1516 -0.9845
vn -0.2412 -0.4750 -0.8463
vn 0.2727 0.4221 0.8646
vn 0.2140 -0.0718 0.9742
vn -0.2109 -0.9739 -0.0843
vn -0.9886 0.1405 -0.0537
vn -0.5358 -0.8304 0.1527
vn 0.9512 -0.1661 0.2599
vn -0.5887 -0.7881 0.1795
vn 0.7861 -0.5996 -0.1503
vn 0.8644 -0.5020 -0.0293
vn 0.9732 -0.1335 -0.1872
vn 0.9175 -0.2798 0.2828
vn -0.9833 0.0778 0.1644
vn 0.8717 -0.4696 -0.1397
vn 0.9281 -0.3563 -0.1086
vn 0.9504 -0.1404 0.2774
vn -0.9847 0.1731 0.0216
vn 0.9595 -0.2130 -0.1842
vn 0.9803 -0.1325 0.1462
vn -0.1608 0.0824 -0.9835
vn -0.1902 -0.9770 0.0961
vn -0.3472 -0.9063 -0.2411
vn 0.8038 -0.5902 -0.0751
vn -0.1039 -0.2473 0.9633
vn -0.3013 -0.6487 0.6989
vn 0.2760 0.4901 -0.8268
vn 0.3512 -0.6831 0.6403
vn -0.5453 -0.0049 -0.8382
vn 0.2748 -0.6741 -0.6856
vn 0.4551 -0.7773 0.4345
vn -0.7716 -0.0403 0.6348
vn -0.8758 0.1605 -0.4552
vn -0.6996 -0.1171 0.7049
vn -0.1444 -0.5805 -0.8013
vn 0.0480 -0.4415 0.8960
vn 0.5540 -0.8118 0.1843
vn 0.0612 -0.6580 -0.7505
vn -0.9694 -0.2442 0.0249
vn -0.3970 -0.2660 0.8784
vn -0.9616 -0.2641 -0.0743
vn 0.6907 -0.6595 0.2969
vn 0.5272 0.0813 -0.8458
vn -0.1798 -0.6922 0.6990
vn -0.7725 0.4002 -0.4931
vn -0.7080 -0.4680 0.5289
vn 0.0343 0.3937 -0.9186
vn 0.5971 -0.7071 0.3788
vn -0.9829 0.1822 0.0258
vn 0.8915 -0.4151 -0.1815
vn 0.6824 -0.7225 0.1104
vn 0.4124 0.4176 0.8097
vn -0.1051 -0.9627 -0.2495
vn -0.7548 0.6549 0.0364
vn -0.6924 -0.6395 -0.3339
vn -0.0573 0.7308 0.6802
vn 0.5949 -0.7986 0.0916
vn -0.9467 0.1814 -0.2661
vn 0.8240 -0.3063 0.4766
vt 0.608350 0.125691
vt 0.409361 0.184725
vt 0.398565 0.092414
vt 0.201461 0.185903
vt 0.252312 0.261328
vt 0.466783 0.464185
vt 0.598751 0.433627
vt 0.475829 0.511940
vt 0.543693 0.410040
vt 0.606804 0.322306
vt 0.323253 0.278680
vt 0.416053 0.232715
vt 0.415803 0.464037
vt 0.391909 0.511043
vt 0.510006 0.247887
vt 0.563984 0.202700
vt 0.547372 0.329216
vt 0.516829 0.677748
vt 0.401296 0.683856
vt 0.705053 0.588022
vt 0.621272 0.211159
vt 0.662754 0.150810
vt 0.639332 0.427516
vt 0.636474 0.318216
vt 0.723640 0.568699
vt 0.652716 0.048682
vt 0.704236 0.090461
vt 0.150610 0.110478
vt 0.387770 0.000102
vt 0.178458 0.530281
vt 0.368107 0.520110
vt 0.358445 0.597187
vt 0.376978 0.302503
vt 0.354266 0.328964
vt 0.343309 0.321288
vt 0.605478 0.337048
vt 0.523157 0.186650
vt 0.587539 0.202769
vt 0.560965 0.569280
vt 0.594507 0.472699
vt 0.620538 0.549076
vt 0.667140 0.539458
vt 0.655362 0.466779
vt 0.683756 0.533833
vt 0.637715 0.346408
vt 0.655733 0.223015
vt 0.652664 0.346898
vt 0.380898 0.398488
vt 0.408648 0.373887
vt 0.423334 0.385489
vt 0.542136 0.488180
vt 0.423408 0.316010
vt 0.394148 0.320994
vt 0.400544 0.305128
vt 0.570313 0.347506
vt 0.336739 0.352187
vt 0.355293 0.374423
vt 0.344812 0.382675
vt 0.361569 0.233771
vt 0.228027 0.242426
vt 0.358028 0.179212
vt 0.281105 0.277912
vt 0.206595 0.352254
vt 0.473613 0.447279
vt 0.372428 0.469922
vt 0.473366 0.251956
vt 0.507479 0.349744
vt 0.413658 0.234226
vt 0.434707 0.177842
vt 0.225202 0.467142
vt 0.287382 0.431933
vt 0.265235 0.354058
vt 0.415839 0.350616
vt 0.434657 0.350474
vt 0.381695 0.381581
vt 0.408965 0.327516
vt 0.348865 0.351875
vt 0.339581 0.000137
vt 0.442853 0.000215
vt 0.640265 0.216862
vt 0.712756 0.098096
vt 0.636203 0.048537
vt 0.134359 0.068647
vt 0.092081 0.415732
vt 0.057275 0.452298
vt 0.119899 0.350936
vt 0.086989 0.124170
vt 0.125956 0.239915
vt 0.777168 0.097164
vt 0.924954 0.086553
vt 0.822437 0.130886
vt 0.793773 0.379253
vt 0.810685 0.225217
vt 0.841630 0.329928
vt 0.740747 0.231946
vt 0.903337 0.350502
vt 0.906394 0.166793
vt 0.863069 0.259233
vt 0.844908 0.220691
vt 0.855235 0.181113
vt 0.924173 0.253363
vt 0.893002 0.262367
vt 0.971633 0.195597
vt 0.930798 0.204882
vt 0.979511 0.334422
vt 0.471759 0.350142
vt 0.452674 0.410903
vt 0.320911 0.402111
vt 0.309406 0.352886
vt 0.378659 0.434819
vt 0.371329 0.267760
vt 0.413108 0.271021
vt 0.452753 0.291024
vt 0.318270 0.303602
vt 0.757408 0.086970
vt 0.892533 0.021419
vt 0.757470 0.408401
vt 0.863960 0.456941
vt 0.883128 0.420745
vt 0.924196 0.155731
vt 0.930077 0.146622
vt 0.924404 0.155781
vt 0.930190 0.147111
vt 0.924608 0.155952
vt 0.901818 0.192169
vt 0.918884 0.163066
vt 0.900280 0.190902
vt 0.924891 0.156286
vt 0.932366 0.147720
vt 0.931101 0.146987
vt 0.902831 0.189486
vt 0.919704 0.163079
vt 0.920539 0.163417
vt 0.925512 0.156387
vt 0.931063 0.147644
vt 0.931714 0.147635
vt 0.893622 0.198026
vt 0.879426 0.201474
vt 0.875632 0.214274
vt 0.881676 0.226995
vt 0.896465 0.223334
vt 0.900355 0.208673
vt 0.889034 0.227282
vt 0.957396 0.105291
vt 0.976852 0.078227
vt 0.957461 0.105585
vt 0.958806 0.106821
vt 0.976836 0.079445
vt 0.976156 0.081681
vt 0.957394 0.106104
vt 0.958147 0.106878
vt 0.979511 0.073908
vt 0.959292 0.106809
vt 0.975710 0.081663
vt 0.958207 0.106250
vt 0.976357 0.082753
vt 0.902885 0.191080
vt 0.921071 0.164320
vt 0.903304 0.193143
vt 0.920118 0.163488
vt 0.902106 0.188675
vt 0.919367 0.163098
vt 0.920724 0.163826
vt 0.925712 0.156635
vt 0.901534 0.189434
vt 0.379037 0.319022
vt 0.358083 0.332117
vt 0.404752 0.370500
vt 0.411893 0.350642
vt 0.358850 0.370975
vt 0.381764 0.377902
vt 0.404823 0.330712
vt 0.352200 0.351805
vt 0.392544 0.324808
vt 0.400668 0.367323
vt 0.407527 0.350651
vt 0.381002 0.373098
vt 0.400557 0.333898
vt 0.361808 0.335955
vt 0.355843 0.351726
vt 0.362225 0.366822
vt 0.390390 0.329305
vt 0.379248 0.327619
vt 0.109372 0.347387
vt 0.071706 0.397852
vt 0.093294 0.339144
vt 0.006265 0.464418
vt 0.040308 0.426379
vt 0.048118 0.440193
vt 0.109137 0.247228
vt 0.054966 0.171067
vt 0.076893 0.138037
vt 0.090436 0.257573
vt 0.933446 0.707583
vt 0.887093 0.691914
vt 0.924502 0.664411
vt 0.841273 0.775942
vt 0.825253 0.761782
vt 0.836666 0.757160
vt 0.737334 0.716789
vt 0.713029 0.675770
vt 0.736938 0.675926
vt 0.874837 0.672498
vt 0.917587 0.636770
vt 0.786245 0.699141
vt 0.765069 0.705935
vt 0.767323 0.685524
vt 0.951212 0.642602
vt 0.949701 0.587090
vt 0.916824 0.527192
vt 0.872625 0.562481
vt 0.896748 0.506061
vt 0.785343 0.801767
vt 0.770499 0.765277
vt 0.795347 0.782272
vt 0.748913 0.739168
vt 0.718235 0.723298
vt 0.764002 0.729674
vt 0.776664 0.718346
vt 0.812370 0.751735
vt 0.783286 0.750846
vt 0.795184 0.737131
vt 0.937129 0.487002
vt 0.907403 0.482011
vt 0.854158 0.627788
vt 0.903898 0.588134
vt 0.821248 0.791388
vt 0.843033 0.793199
vt 0.806908 0.723176
vt 0.824251 0.740361
vt 0.968283 0.719185
vt 0.915949 0.740051
vt 0.953622 0.687982
vt 0.978895 0.685163
vt 0.984301 0.640061
vt 0.992056 0.688983
vt 0.803632 0.766179
vt 0.817344 0.810891
vt 0.751361 0.678846
vt 0.983970 0.715908
vt 0.996997 0.717330
vt 0.983246 0.515680
vt 0.991034 0.570836
vt 0.975029 0.578886
vt 0.970895 0.639789
vt 0.750534 0.644707
vt 0.743897 0.630919
vt 0.756065 0.638289
vt 0.863290 0.716337
vt 0.864496 0.700298
vt 0.874110 0.708524
vt 0.886532 0.801292
vt 0.869364 0.788091
vt 0.880046 0.784406
vt 0.745914 0.609812
vt 0.729546 0.613962
vt 0.730319 0.603191
vt 0.807633 0.675979
vt 0.830473 0.706062
vt 0.799646 0.681191
vt 0.797604 0.635438
vt 0.792119 0.598249
vt 0.836636 0.607151
vt 0.903183 0.722179
vt 0.886376 0.732577
vt 0.854910 0.547595
vt 0.884004 0.493542
vt 0.800069 0.579971
vt 0.763760 0.592398
vt 0.769910 0.573839
vt 0.833343 0.580748
vt 0.873113 0.767265
vt 0.854892 0.748860
vt 0.863345 0.744857
vt 0.854027 0.720814
vt 0.873278 0.739806
vt 0.897712 0.755484
vt 0.730926 0.577213
vt 0.729208 0.595107
vt 0.715197 0.588236
vt 0.810433 0.648160
vt 0.841141 0.686448
vt 0.803405 0.661448
vt 0.872040 0.693940
vt 0.866743 0.688240
vt 0.914227 0.789271
vt 0.891424 0.779677
vt 0.906215 0.772848
vt 0.883796 0.762513
vt 0.769269 0.646018
vt 0.779697 0.652146
vt 0.779392 0.654079
vt 0.746596 0.569034
vt 0.753119 0.560505
vt 0.779935 0.622404
vt 0.765719 0.643276
vt 0.770640 0.643935
vt 0.990431 0.747280
vt 0.999863 0.746903
vt 0.823535 0.775179
vt 0.975201 0.754349
vt 0.926573 0.759290
vt 0.843658 0.811461
vt 0.752057 0.711463
vt 0.713623 0.597321
vt 0.863396 0.770745
vt 0.721481 0.639812
vt 0.732537 0.630096
vt 0.740335 0.637442
vt 0.717710 0.621052
vt 0.731233 0.623042
vt 0.773968 0.661640
vt 0.761902 0.654576
vt 0.762606 0.650994
vt 0.784242 0.649992
vt 0.774662 0.635251
vt 0.786992 0.648353
vt 0.763731 0.637038
vt 0.772880 0.639695
vt 0.754747 0.642819
vt 0.784833 0.658654
vt 0.789017 0.662415
vt 0.748346 0.666540
vt 0.735033 0.662556
vt 0.861868 0.808981
vt 0.858228 0.790872
vt 0.834588 0.731058
vt 0.846839 0.752553
vt 0.774170 0.677992
vt 0.818048 0.712436
vt 0.853923 0.773246
vt 0.792459 0.688208
vt 0.716007 0.662123
vt 0.760901 0.640708
vt 0.971893 0.513318
vt 0.731421 0.751167
vt 0.860009 0.693663
vt 0.775409 0.667400
vt 0.842647 0.722398
vt 0.843924 0.706615
vt 0.847494 0.712397
vt 0.848707 0.702692
vt 0.856795 0.705239
vt 0.852309 0.709083
vt 0.854783 0.678735
vt 0.836676 0.696416
vt 0.016656 0.484010
vt 0.081214 0.406339
vt 0.779200 0.556597
vt 0.779113 0.534341
vt 0.792608 0.545844
vt 0.870057 0.490669
vt 0.863599 0.472676
vt 0.874467 0.469933
vt 0.773635 0.563010
vt 0.761224 0.550432
vt 0.836403 0.542696
vt 0.810686 0.552880
vt 0.826923 0.524507
vt 0.847131 0.538618
vt 0.819125 0.514367
vt 0.851055 0.545706
vt 0.807749 0.558361
vt 0.837643 0.555159
vt 0.796792 0.568210
vt 0.881547 0.468704
vt 0.875790 0.490122
vt 0.765890 0.545219
vt 0.861639 0.494654
vt 0.721662 0.645552
vt 0.744307 0.596511
vt 0.763638 0.617214
vt 0.745695 0.622244
vt 0.874865 0.805402
vt 0.694599 0.085532
vt 0.638179 0.470787
vt 0.379555 0.322941
vt 0.551239 0.013850
vt 0.760934 0.631941
vt 0.719927 0.631058
vt 0.765133 0.644204
vt 0.768270 0.648172
vt 0.778004 0.655408
vt 0.898874 0.796287
vt 0.373863 0.277511
vt 0.318393 0.352659
vt 0.445261 0.298601
vt 0.379693 0.424069
vt 0.463128 0.350259
vt 0.328954 0.395160
vt 0.410219 0.281125
vt 0.445553 0.403043
vt 0.326731 0.309675
vt 0.693938 0.611797
vt 0.975695 0.079888
vt 0.929891 0.146129
vt 0.967661 0.468430
vt 0.973171 0.427824
vt 0.123186 0.605073
vt 0.576205 0.660983
vt 0.712756 0.601574
vt 0.646560 0.635199
vt 0.344317 0.693673
vt 0.942691 0.126187
vt 0.957542 0.107282
vt 0.956262 0.106639
vt 0.945768 0.128252
vt 0.957648 0.108928
vt 0.958506 0.108355
vt 0.944260 0.127207
vt 0.942721 0.127017
vt 0.955792 0.108419
vt 0.942734 0.127836
vt 0.943880 0.128615
vt 0.956625 0.109244
vt 0.944819 0.128440
vt 0.955936 0.107398
vt 0.957875 0.106766
vt 0.956829 0.105965
vt 0.958899 0.107582
vt 0.956698 0.106491
vt 0.956593 0.107261
vt 0.957386 0.108061
vt 0.958227 0.107875
vt 0.853515 0.699377
vt 0.715400 0.610253
vt 0.936757 0.777396
vt 0.780648 0.654790
vt 0.777785 0.657640
vt 0.764656 0.642652
vt 0.765717 0.640960
vt 0.763453 0.644478
vt 0.771044 0.643758
vt 0.781087 0.651233
vt 0.768125 0.648635
vt 0.921921 0.159630
vt 0.921761 0.159680
vt 0.922712 0.159878
vt 0.922205 0.159671
vt 0.923011 0.160383
vt 0.922933 0.160152
vt 0.925168 0.156233
vt 0.922402 0.160018
vt 0.766166 0.642525
vt 0.377174 0.304078
vt 0.344354 0.322020
vt 0.380974 0.396877
vt 0.421934 0.384383
vt 0.422031 0.317107
vt 0.399934 0.306641
vt 0.337895 0.352157
vt 0.345811 0.381888
vt 0.432863 0.350488
vt 0.879011 0.000137
vt 0.713029 0.232450
vt 0.892645 0.471059
vt 0.755751 0.781253
vt 0.500000 0.405658
vt 0.375000 0.440968
vt 0.375000 0.397326
vt 0.625000 0.397326
vt 0.500000 0.443827
vt 0.625000 0.440968
vt 0.500000 0.518325
vt 0.375000 0.500000
vt 0.500000 0.956117
vt 0.375000 0.978059
vt 0.375000 0.956117
vt 0.625000 0.956117
vt 0.500000 0.978059
vt 0.625000 0.978059
vt 0.500000 1.000000
vt 0.375000 1.000000
vt 0.272326 0.500000
vt 0.318827 0.625000
vt 0.280658 0.625000
vt 0.315968 0.500000
vt 0.393325 0.625000
vt 0.315968 0.750000
vt 0.272326 0.750000
vt 0.853059 0.500000
vt 0.831117 0.625000
vt 0.831117 0.500000
vt 0.875000 0.625000
vt 0.853059 0.625000
vt 0.875000 0.750000
vt 0.853059 0.750000
vt 0.831117 0.750000
vt 0.727674 0.500000
vt 0.764118 0.625000
vt 0.719342 0.625000
vt 0.765149 0.500000
vt 0.787194 0.625000
vt 0.787234 0.750000
vt 0.765149 0.750000
vt 0.727674 0.750000
vt 0.168883 0.500000
vt 0.190829 0.625000
vt 0.168883 0.625000
vt 0.212766 0.500000
vt 0.190825 0.500000
vt 0.212806 0.625000
vt 0.190825 0.750000
vt 0.168883 0.750000
vt 0.375000 0.852674
vt 0.500000 0.889118
vt 0.375000 0.890149
vt 0.625000 0.852674
vt 0.500000 0.844342
vt 0.625000 0.890149
vt 0.500000 0.912194
vt 0.375000 0.912234
vt 0.500000 0.293883
vt 0.375000 0.315825
vt 0.375000 0.293883
vt 0.625000 0.315824
vt 0.500000 0.315829
vt 0.625000 0.337766
vt 0.500000 0.337806
vt 0.375000 0.337766
vt 0.375000 0.750000
vt 0.500000 0.806173
vt 0.375000 0.809032
vt 0.500000 0.731675
vt 0.625000 0.809032
vt 0.625000 0.500000
vt 0.681173 0.625000
vt 0.606676 0.625000
vt 0.684032 0.500000
vt 0.684032 0.750000
vt 0.625000 0.750000
vt 0.234851 0.500000
vt 0.235882 0.625000
vt 0.234851 0.750000
vt 0.212766 0.750000
vt 0.500000 0.360882
vt 0.375000 0.359851
vt 0.625000 0.359851
vt 0.500000 0.250000
vt 0.375000 0.271942
vt 0.375000 0.250000
vt 0.625000 0.250000
vt 0.500000 0.271941
vt 0.625000 0.271942
vt 0.125000 0.500000
vt 0.146941 0.625000
vt 0.125000 0.625000
vt 0.146942 0.500000
vt 0.146941 0.750000
vt 0.125000 0.750000
vt 0.787234 0.500000
vt 0.809171 0.625000
vt 0.809176 0.500000
vt 0.809176 0.750000
vt 0.500000 0.934171
vt 0.375000 0.934176
vt 0.625000 0.912234
vt 0.375000 0.250000
vt 0.500000 0.250000
vt 0.522072 0.441180
vt 0.625000 0.452167
vt 0.550506 0.500000
vt 0.500000 0.000000
vt 0.375000 0.000000
vt 0.451283 0.000000
vt 0.525253 0.802241
vt 0.625000 0.797833
vt 0.625000 0.826157
vt 0.802241 0.625000
vt 0.875000 0.750000
vt 0.802241 0.750000
vt 0.270519 0.625000
vt 0.301286 0.750000
vt 0.270519 0.750000
vt 0.197759 0.750000
vt 0.197759 0.625000
vt 0.625000 0.322759
vt 0.500000 0.395519
vt 0.500000 0.322759
vt 0.451283 0.927240
vt 0.527567 1.000000
vt 0.451283 1.000000
vt 0.875000 0.750000
vt 0.500000 0.854481
vt 0.527567 0.854481
vt 0.451283 0.854481
vt 0.197759 0.750000
vt 0.197759 0.750000
vt 0.375000 0.927241
vt 0.375000 1.000000
vt 0.375000 0.927241
vt 0.375000 0.854481
vt 0.375000 0.854481
vt 0.375000 0.854481
vt 0.672833 0.750000
vt 0.550506 0.625000
vt 0.672833 0.625000
vt 0.729481 0.625000
vt 0.701157 0.750000
vt 0.701157 0.625000
vt 0.301286 0.625000
vt 0.433437 0.500000
vt 0.433437 0.625000
vt 0.433437 0.750000
vt 0.625000 0.000000
vt 0.500000 0.000000
vt 0.875000 0.625000
vt 0.875000 0.500000
vt 0.125000 0.750000
vt 0.125000 0.500000
vt 0.701157 0.500000
vt 0.672833 0.500000
vt 0.270519 0.500000
vt 0.197759 0.500000
vt 0.301286 0.500000
vt 0.802241 0.500000
vt 0.375000 1.000000
vt 0.527567 0.000000
vt 0.625000 0.000000
vt 0.375000 0.322759
vt 0.375000 0.395519
vt 0.625000 0.250000
vt 0.375000 0.823714
vt 0.625000 0.854481
vt 0.375000 0.426287
vt 0.625000 0.395519
vt 0.729481 0.500000
vt 0.125000 0.750000
vt 0.729481 0.750000
vt 0.729481 0.750000
vt 0.875000 0.500000
vt 0.625000 0.293883
vt 0.625000 0.934176
vt 0.625000 0.423843
vt 0.550506 0.750000
vt 0.527567 0.927241
vt 0.625000 0.375000
vt 0.500000 0.500000
vt 0.500000 0.375000
vt 0.500000 0.750000
vt 0.500000 0.875000
vt 0.625000 1.000000
vt 0.500000 1.000000
vt 0.375000 0.500000
vt 0.250000 0.750000
vt 0.250000 0.500000
vt 0.429252 0.750000
vt 0.429252 0.750000
vt 0.429251 0.500000
vt 0.429252 0.375000
vt 0.429251 0.250000
vt 0.429252 0.000000
vt 0.410633 0.000000
vt 0.410633 0.000000
vt 0.429251 1.000000
vt 0.429251 0.875000
vt 0.410634 0.000000
vt 0.429252 0.750000
vt 0.625000 0.875000
vt 0.625000 0.500000
vt 0.410634 0.000000
vt 0.410634 0.750000
vt 0.429252 0.000000
vt 0.410633 0.250000
vt 0.375000 0.375000
vt 0.410634 0.875000
vt 0.375000 0.875000
vt 0.410633 0.750000
vt 0.429251 0.000000
vt 0.429252 0.000000
vt 0.410633 1.000000
vt 0.410634 0.375000
vt 0.410634 0.750000
vt 0.410633 0.500000
vt 0.117104 0.966486
vt 0.103130 0.948074
vt 0.116051 0.944507
vt 0.070158 0.964014
vt 0.027871 0.958247
vt 0.046380 0.942585
vt 0.091134 0.935210
vt 0.061525 0.930027
vt 0.075990 0.918018
vt 0.096640 0.977941
vt 0.116861 0.982971
vt 0.104668 0.926075
vt 0.089945 0.906764
vt 0.080538 0.949135
vt 0.092400 0.998184
vt 0.153552 0.995706
vt 0.140003 0.980686
vt 0.149532 0.978473
vt 0.089038 0.862740
vt 0.114810 0.897786
vt 0.082284 0.869726
vt 0.147381 0.898682
vt 0.170368 0.926330
vt 0.158230 0.931015
vt 0.145638 0.962594
vt 0.130695 0.940300
vt 0.138393 0.938000
vt 0.130107 0.907997
vt 0.146092 0.935700
vt 0.167376 0.955936
vt 0.178322 0.988185
vt 0.159061 0.976259
vt 0.172803 0.971609
vt 0.154376 0.960375
vt 0.100008 0.962298
vt 0.116221 0.999898
vt 0.136900 0.964813
vt 0.132067 0.999710
vt 0.130485 0.981967
vt 0.124633 0.941728
vt 0.114939 0.919042
vt 0.101577 0.899032
vt 0.128557 0.964328
vt 0.076503 0.874389
vt 0.027582 0.908318
vt 0.044172 0.902761
vt 0.059989 0.896918
vt 0.005804 0.914961
vt 0.068428 0.884154
vt 0.121614 0.908607
vt 0.143175 0.998196
vt 0.095793 0.855754
vt 0.119614 0.890152
vt 0.163928 0.993216
vt 0.186544 0.966958
vt 0.180376 0.951498
vt 0.138599 0.907386
vt 0.056256 0.984413
vt 0.124418 0.882518
vt 0.156164 0.889978
vt 0.000137 0.449831
vt 0.999863 0.507630
s 0
g Cube.004_BM_Low_Poly_Edge_Texture_2
usemtl BM_Low_Poly_Edge_Texture_2
f 21/1/1 2/2/1 23/3/1
f 22/4/2 2/2/2 3/5/2
f 12/6/3 11/7/3 1/8/3
f 13/9/4 10/10/4 11/7/4
f 16/11/5 2/2/5 15/12/5
f 20/13/6 1/8/6 18/14/6
f 17/15/7 2/2/7 9/16/7
f 17/15/8 10/10/8 14/17/8
f 18/14/9 8/18/9 19/19/9
f 1/8/10 4/20/10 8/18/10
f 25/21/11 21/1/11 29/22/11
f 27/23/12 10/10/12 26/24/12
f 25/21/13 10/10/13 9/16/13
f 28/25/14 11/7/14 27/23/14
f 29/22/15 5/26/15 24/27/15
f 6/28/16 23/3/16 22/4/16
f 7/29/17 21/1/17 23/3/17
f 31/2/18 44/1/18 46/3/18
f 32/5/19 46/3/19 45/4/19
f 36/6/20 35/7/20 37/9/20
f 37/9/21 34/10/21 38/17/21
f 31/2/22 40/11/22 39/12/22
f 43/13/23 30/8/23 36/6/23
f 41/15/24 31/2/24 39/12/24
f 38/17/25 33/16/25 41/15/25
f 42/14/26 8/18/26 30/8/26
f 30/8/27 4/20/27 35/7/27
f 44/1/28 47/21/28 50/22/28
f 34/10/29 49/23/29 48/24/29
f 47/21/30 34/10/30 48/24/30
f 49/23/31 4/20/31 28/25/31
f 5/26/32 50/22/32 24/27/32
f 6/28/33 46/3/33 7/29/33
f 46/3/34 5/26/34 7/29/34
f 52/2/35 71/1/35 73/3/35
f 72/4/36 52/2/36 73/3/36
f 62/6/37 61/7/37 63/9/37
f 63/9/38 60/10/38 64/17/38
f 52/2/39 66/11/39 65/12/39
f 70/13/40 51/8/40 62/6/40
f 67/15/41 52/2/41 65/12/41
f 60/10/42 67/15/42 64/17/42
f 68/14/43 58/18/43 51/8/43
f 51/8/44 54/20/44 61/7/44
f 71/1/45 75/21/45 79/22/45
f 60/10/46 77/23/46 76/24/46
f 75/21/47 60/10/47 76/24/47
f 77/23/48 54/20/48 78/25/48
f 55/26/49 79/22/49 74/27/49
f 56/28/50 73/3/50 57/29/50
f 57/29/51 71/1/51 55/26/51
f 94/1/52 81/2/52 96/3/52
f 96/3/53 82/5/53 95/4/53
f 86/6/54 85/7/54 80/8/54
f 87/9/55 84/10/55 85/7/55
f 90/11/56 81/2/56 89/12/56
f 93/13/57 80/8/57 92/14/57
f 91/15/58 81/2/58 83/16/58
f 88/17/59 83/16/59 84/10/59
f 92/14/60 58/18/60 69/19/60
f 80/8/61 54/20/61 58/18/61
f 97/21/62 94/1/62 100/22/62
f 99/23/63 84/10/63 98/24/63
f 97/21/64 84/10/64 83/16/64
f 99/23/65 54/20/65 85/7/65
f 100/22/66 55/26/66 74/27/66
f 56/28/67 96/3/67 95/4/67
f 55/26/68 96/3/68 57/29/68
f 22/4/69 53/5/69 72/4/69
f 16/11/70 53/5/70 3/5/70
f 14/17/71 67/15/71 17/15/71
f 15/12/72 67/15/72 65/12/72
f 16/11/73 65/12/73 66/11/73
f 14/17/74 63/9/74 64/17/74
f 12/6/75 63/9/75 13/9/75
f 20/13/76 62/6/76 12/6/76
f 18/14/77 69/19/77 68/14/77
f 20/13/78 68/14/78 70/13/78
f 22/4/79 56/28/79 6/28/79
f 24/27/80 79/22/80 29/22/80
f 28/25/81 77/23/81 78/25/81
f 25/21/82 76/24/82 26/24/82
f 27/23/83 76/24/83 77/23/83
f 25/21/84 79/22/84 75/21/84
f 45/4/85 82/5/85 32/5/85
f 40/11/86 82/5/86 90/11/86
f 41/15/87 88/17/87 38/17/87
f 39/12/88 91/15/88 41/15/88
f 40/11/89 89/12/89 39/12/89
f 38/17/90 87/9/90 37/9/90
f 36/6/91 87/9/91 86/6/91
f 43/13/92 86/6/92 93/13/92
f 19/19/93 92/14/93 69/19/93
f 43/13/94 92/14/94 42/14/94
f 45/4/95 56/28/95 95/4/95
f 50/22/96 74/27/96 24/27/96
f 49/23/97 78/25/97 99/23/97
f 47/21/98 98/24/98 97/21/98
f 49/23/99 98/24/99 48/24/99
f 50/22/100 97/21/100 100/22/100
f 1266/675/1189 1236/676/1189 1264/677/1189
f 1260/678/1190 1239/679/1190 1258/680/1190
f 1242/681/1191 1241/682/1191 1238/683/1191
f 1259/684/1192 1266/675/1192 1269/685/1192
f 1265/686/1193 1238/683/1193 1267/687/1193
f 1236/676/1194 1244/688/1194 1242/681/1194
f 1237/689/1195 1260/678/1195 1259/684/1195
f 1284/690/1196 1262/691/1196 1289/692/1196
f 1290/693/1197 1248/694/1197 1273/695/1197
f 1294/696/1198 1246/697/1198 1292/698/1198
f 1236/676/1199 1265/686/1199 1264/677/1199
f 1286/699/1200 1245/700/1200 1288/701/1200
f 1285/702/1201 1257/703/1201 1288/701/1201
f 1291/704/1202 1257/703/1202 1292/698/1202
f 1293/705/1203 1263/706/1203 1295/707/1203
f 1295/707/1204 1253/708/1204 1291/704/1204
f 1240/709/1205 1260/678/1205 1244/688/1205
f 1268/710/1206 1259/684/1206 1269/685/1206
f 1244/688/1207 1258/680/1207 1241/682/1207
f 1289/692/1208 1249/711/1208 1286/699/1208
f 1282/712/1209 1269/685/1209 1278/713/1209
f 1279/714/1210 1265/686/1210 1277/715/1210
f 1265/686/1211 1281/716/1211 1277/715/1211
f 1278/713/1212 1266/675/1212 1280/717/1212
f 1280/717/1213 1264/677/1213 1279/714/1213
f 1267/687/1214 1283/718/1214 1281/716/1214
f 1241/682/1215 1275/719/1215 1272/720/1215
f 1238/683/1216 1272/720/1216 1270/721/1216
f 1258/680/1217 1271/722/1217 1275/719/1217
f 1267/687/1218 1270/721/1218 1276/723/1218
f 1281/716/1219 1273/695/1219 1248/694/1219
f 1249/711/1220 1279/714/1220 1245/700/1220
f 1278/713/1221 1249/711/1221 1262/691/1221
f 1277/715/1222 1248/694/1222 1252/724/1222
f 1245/700/1223 1277/715/1223 1252/724/1223
f 1282/712/1224 1262/691/1224 1247/725/1224
f 1263/706/1225 1286/699/1225 1253/708/1225
f 1252/724/1226 1288/701/1226 1245/700/1226
f 1253/708/1227 1288/701/1227 1257/703/1227
f 1274/726/1228 1287/727/1228 1290/693/1228
f 1254/728/1229 1289/692/1229 1263/706/1229
f 1261/729/1230 1291/704/1230 1250/730/1230
f 1255/731/1231 1292/698/1231 1257/703/1231
f 1275/719/1232 1297/722/1232 1299/719/1232
f 1270/721/1233 1298/720/1233 1296/721/1233
f 1325/675/1234 1300/676/1234 1302/709/1234
f 1319/678/1235 1239/679/1235 1243/732/1235
f 1304/681/1236 1303/682/1236 1305/688/1236
f 1325/675/1237 1318/684/1237 1327/685/1237
f 1324/686/1238 1301/683/1238 1304/681/1238
f 1300/676/1239 1305/688/1239 1302/709/1239
f 1319/678/1240 1237/689/1240 1318/684/1240
f 1344/692/1241 1247/725/1241 1284/690/1241
f 1345/693/1242 1308/694/1242 1342/727/1242
f 1307/697/1243 1348/696/1243 1347/698/1243
f 1324/686/1244 1300/676/1244 1323/677/1244
f 1306/700/1245 1341/699/1245 1343/701/1245
f 1316/703/1246 1340/702/1246 1343/701/1246
f 1316/703/1247 1346/704/1247 1347/698/1247
f 1349/707/1248 1254/728/1248 1293/705/1248
f 1346/704/1249 1322/706/1249 1349/707/1249
f 1302/709/1250 1319/678/1250 1318/684/1250
f 1268/710/1251 1318/684/1251 1237/689/1251
f 1305/688/1252 1317/680/1252 1319/678/1252
f 1341/699/1253 1321/691/1253 1344/692/1253
f 1282/712/1254 1327/685/1254 1268/710/1254
f 1336/714/1255 1324/686/1255 1323/677/1255
f 1338/716/1256 1324/686/1256 1334/715/1256
f 1335/713/1257 1325/675/1257 1327/685/1257
f 1337/717/1258 1323/677/1258 1325/675/1258
f 1339/718/1259 1326/687/1259 1338/716/1259
f 1303/682/1260 1332/719/1260 1317/680/1260
f 1301/683/1261 1329/720/1261 1303/682/1261
f 1317/680/1262 1271/722/1262 1239/679/1262
f 1326/687/1263 1328/721/1263 1301/683/1263
f 1330/695/1264 1338/716/1264 1308/694/1264
f 1309/711/1265 1336/714/1265 1337/717/1265
f 1309/711/1266 1335/713/1266 1321/691/1266
f 1308/694/1267 1334/715/1267 1312/724/1267
f 1306/700/1268 1334/715/1268 1336/714/1268
f 1321/691/1269 1282/712/1269 1247/725/1269
f 1313/708/1270 1344/692/1270 1322/706/1270
f 1343/701/1271 1312/724/1271 1306/700/1271
f 1343/701/1272 1313/708/1272 1316/703/1272
f 1331/726/1273 1342/727/1273 1315/733/1273
f 1322/706/1274 1284/690/1274 1254/728/1274
f 1310/730/1275 1349/707/1275 1320/729/1275
f 1347/698/1276 1314/731/1276 1316/703/1276
f 1332/719/1277 1297/722/1277 1271/722/1277
f 1328/721/1278 1351/720/1278 1329/720/1278
f 1383/675/1279 1353/676/1279 1357/709/1279
f 1377/678/1280 1356/679/1280 1360/732/1280
f 1359/681/1281 1358/682/1281 1361/688/1281
f 1383/675/1282 1376/684/1282 1386/685/1282
f 1382/686/1283 1355/683/1283 1359/681/1283
f 1353/676/1284 1361/688/1284 1357/709/1284
f 1377/678/1285 1354/689/1285 1376/684/1285
f 1406/692/1286 1364/725/1286 1401/690/1286
f 1407/693/1287 1365/694/1287 1404/727/1287
f 1363/697/1288 1411/696/1288 1409/698/1288
f 1382/686/1289 1353/676/1289 1381/677/1289
f 1362/700/1290 1403/699/1290 1405/701/1290
f 1374/703/1291 1402/702/1291 1405/701/1291
f 1374/703/1292 1408/704/1292 1409/698/1292
f 1380/706/1293 1410/705/1293 1412/707/1293
f 1370/708/1294 1412/707/1294 1408/704/1294
f 1357/709/1295 1377/678/1295 1376/684/1295
f 1385/710/1296 1376/684/1296 1354/689/1296
f 1361/688/1297 1375/680/1297 1377/678/1297
f 1366/711/1298 1406/692/1298 1403/699/1298
f 1399/712/1299 1386/685/1299 1385/710/1299
f 1396/714/1300 1382/686/1300 1381/677/1300
f 1398/716/1301 1382/686/1301 1394/715/1301
f 1395/713/1302 1383/675/1302 1386/685/1302
f 1397/717/1303 1381/677/1303 1383/675/1303
f 1400/718/1304 1384/687/1304 1398/716/1304
f 1358/682/1305 1392/719/1305 1375/680/1305
f 1355/683/1306 1389/720/1306 1358/682/1306
f 1375/680/1307 1388/722/1307 1356/679/1307
f 1384/687/1308 1387/721/1308 1355/683/1308
f 1390/695/1309 1398/716/1309 1365/694/1309
f 1366/711/1310 1396/714/1310 1397/717/1310
f 1366/711/1311 1395/713/1311 1379/691/1311
f 1365/694/1312 1394/715/1312 1369/724/1312
f 1362/700/1313 1394/715/1313 1396/714/1313
f 1364/725/1314 1395/713/1314 1399/712/1314
f 1403/699/1315 1380/706/1315 1370/708/1315
f 1405/701/1316 1369/724/1316 1362/700/1316
f 1405/701/1317 1370/708/1317 1374/703/1317
f 1391/726/1318 1404/727/1318 1373/733/1318
f 1406/692/1319 1371/728/1319 1380/706/1319
f 1408/704/1320 1378/729/1320 1367/730/1320
f 1409/698/1321 1372/731/1321 1374/703/1321
f 1392/719/1322 1414/722/1322 1388/722/1322
f 1387/721/1323 1415/720/1323 1389/720/1323
f 1442/675/1324 1417/676/1324 1440/677/1324
f 1436/678/1325 1356/679/1325 1434/680/1325
f 1421/681/1326 1420/682/1326 1418/683/1326
f 1435/684/1327 1442/675/1327 1444/685/1327
f 1441/686/1328 1418/683/1328 1443/687/1328
f 1417/676/1329 1422/688/1329 1421/681/1329
f 1354/689/1330 1436/678/1330 1435/684/1330
f 1461/692/1331 1364/725/1331 1438/691/1331
f 1462/693/1332 1425/694/1332 1447/695/1332
f 1465/696/1333 1424/697/1333 1464/698/1333
f 1417/676/1334 1441/686/1334 1440/677/1334
f 1458/699/1335 1423/700/1335 1460/701/1335
f 1457/702/1336 1433/703/1336 1460/701/1336
f 1463/704/1337 1433/703/1337 1464/698/1337
f 1466/707/1338 1371/728/1338 1439/706/1338
f 1463/704/1339 1439/706/1339 1430/708/1339
f 1419/709/1340 1436/678/1340 1422/688/1340
f 1385/710/1341 1435/684/1341 1444/685/1341
f 1422/688/1342 1434/680/1342 1420/682/1342
f 1461/692/1343 1426/711/1343 1458/699/1343
f 1399/712/1344 1444/685/1344 1452/713/1344
f 1453/714/1345 1441/686/1345 1451/715/1345
f 1441/686/1346 1455/716/1346 1451/715/1346
f 1452/713/1347 1442/675/1347 1454/717/1347
f 1454/717/1348 1440/677/1348 1453/714/1348
f 1443/687/1349 1456/718/1349 1455/716/1349
f 1420/682/1350 1449/719/1350 1446/720/1350
f 1418/683/1351 1446/720/1351 1445/721/1351
f 1434/680/1352 1388/722/1352 1449/719/1352
f 1443/687/1353 1445/721/1353 1450/723/1353
f 1455/716/1354 1447/695/1354 1425/694/1354
f 1426/711/1355 1453/714/1355 1423/700/1355
f 1452/713/1356 1426/711/1356 1438/691/1356
f 1451/715/1357 1425/694/1357 1429/724/1357
f 1423/700/1358 1451/715/1358 1429/724/1358
f 1364/725/1359 1452/713/1359 1438/691/1359
f 1439/706/1360 1458/699/1360 1430/708/1360
f 1429/724/1361 1460/701/1361 1423/700/1361
f 1430/708/1362 1460/701/1362 1433/703/1362
f 1448/726/1363 1459/727/1363 1462/693/1363
f 1439/706/1364 1401/690/1364 1461/692/1364
f 1427/730/1365 1466/707/1365 1463/704/1365
f 1431/731/1366 1464/698/1366 1433/703/1366
f 1449/719/1367 1414/722/1367 1469/719/1367
f 1445/721/1368 1468/720/1368 1467/721/1368
f 1250/730/1369 1408/704/1369 1367/730/1369
f 1252/724/1370 1365/694/1370 1369/724/1370
f 1246/697/1371 1409/698/1371 1292/698/1371
f 1246/697/1372 1368/734/1372 1363/697/1372
f 1294/696/1373 1372/731/1373 1411/696/1373
f 1261/729/1374 1367/730/1374 1378/729/1374
f 1274/726/1375 1373/733/1375 1256/733/1375
f 1273/695/1376 1400/718/1376 1390/695/1376
f 1275/719/1377 1389/720/1377 1272/720/1377
f 1276/723/1378 1387/721/1378 1393/723/1378
f 1252/724/1379 1402/702/1379 1285/702/1379
f 1287/727/1380 1373/733/1380 1404/727/1380
f 1290/693/1381 1390/695/1381 1407/693/1381
f 1276/723/1382 1400/718/1382 1283/718/1382
f 1285/702/1383 1372/731/1383 1255/731/1383
f 1248/694/1384 1404/727/1384 1365/694/1384
f 1290/693/1385 1391/726/1385 1274/726/1385
f 1294/696/1386 1368/734/1386 1251/734/1386
f 1261/729/1387 1412/707/1387 1295/707/1387
f 1295/707/1388 1410/705/1388 1293/705/1388
f 1291/704/1389 1409/698/1389 1408/704/1389
f 1298/720/1390 1413/721/1390 1296/721/1390
f 1299/719/1391 1414/722/1391 1416/719/1391
f 1299/719/1392 1392/719/1392 1275/719/1392
f 1296/721/1393 1387/721/1393 1270/721/1393
f 1298/720/1394 1389/720/1394 1415/720/1394
f 1310/730/1395 1463/704/1395 1346/704/1395
f 1312/724/1396 1425/694/1396 1308/694/1396
f 1307/697/1397 1464/698/1397 1424/697/1397
f 1307/697/1398 1428/734/1398 1311/734/1398
f 1348/696/1399 1431/731/1399 1314/731/1399
f 1310/730/1400 1437/729/1400 1427/730/1400
f 1331/726/1401 1432/733/1401 1448/726/1401
f 1330/695/1402 1456/718/1402 1339/718/1402
f 1332/719/1403 1446/720/1403 1449/719/1403
f 1333/723/1404 1445/721/1404 1328/721/1404
f 1312/724/1405 1457/702/1405 1429/724/1405
f 1342/727/1406 1432/733/1406 1315/733/1406
f 1345/693/1407 1447/695/1407 1330/695/1407
f 1333/723/1408 1456/718/1408 1450/723/1408
f 1340/702/1409 1431/731/1409 1457/702/1409
f 1308/694/1410 1459/727/1410 1342/727/1410
f 1345/693/1411 1448/726/1411 1462/693/1411
f 1311/734/1412 1465/696/1412 1348/696/1412
f 1320/729/1413 1466/707/1413 1437/729/1413
f 1349/707/1414 1410/705/1414 1466/707/1414
f 1346/704/1415 1464/698/1415 1347/698/1415
f 1351/720/1416 1467/721/1416 1468/720/1416
f 1352/719/1417 1414/722/1417 1297/722/1417
f 1352/719/1418 1449/719/1418 1469/719/1418
f 1350/721/1419 1445/721/1419 1467/721/1419
f 1351/720/1420 1446/720/1420 1329/720/1420
f 21/1/1453 9/16/1453 2/2/1453
f 22/4/1454 23/3/1454 2/2/1454
f 12/6/1455 13/9/1455 11/7/1455
f 13/9/1456 14/17/1456 10/10/1456
f 16/11/1457 3/5/1457 2/2/1457
f 20/13/1458 12/6/1458 1/8/1458
f 17/15/1459 15/12/1459 2/2/1459
f 17/15/1460 9/16/1460 10/10/1460
f 18/14/1461 1/8/1461 8/18/1461
f 1/8/1462 11/7/1462 4/20/1462
f 25/21/1463 9/16/1463 21/1/1463
f 27/23/1464 11/7/1464 10/10/1464
f 25/21/1465 26/24/1465 10/10/1465
f 28/25/1466 4/20/1466 11/7/1466
f 29/22/1467 21/1/1467 5/26/1467
f 6/28/1468 7/29/1468 23/3/1468
f 7/29/1469 5/26/1469 21/1/1469
f 31/2/1470 33/16/1470 44/1/1470
f 32/5/1471 31/2/1471 46/3/1471
f 36/6/1472 30/8/1472 35/7/1472
f 37/9/1473 35/7/1473 34/10/1473
f 31/2/1474 32/5/1474 40/11/1474
f 43/13/1475 42/14/1475 30/8/1475
f 41/15/1476 33/16/1476 31/2/1476
f 38/17/1477 34/10/1477 33/16/1477
f 42/14/1478 19/19/1478 8/18/1478
f 30/8/1479 8/18/1479 4/20/1479
f 44/1/1480 33/16/1480 47/21/1480
f 34/10/1481 35/7/1481 49/23/1481
f 47/21/1482 33/16/1482 34/10/1482
f 49/23/1483 35/7/1483 4/20/1483
f 5/26/1484 44/1/1484 50/22/1484
f 6/28/1485 45/4/1485 46/3/1485
f 46/3/1486 44/1/1486 5/26/1486
f 52/2/1487 59/16/1487 71/1/1487
f 72/4/1488 53/5/1488 52/2/1488
f 62/6/1489 51/8/1489 61/7/1489
f 63/9/1490 61/7/1490 60/10/1490
f 52/2/1491 53/5/1491 66/11/1491
f 70/13/1492 68/14/1492 51/8/1492
f 67/15/1493 59/16/1493 52/2/1493
f 60/10/1494 59/16/1494 67/15/1494
f 68/14/1495 69/19/1495 58/18/1495
f 51/8/1496 58/18/1496 54/20/1496
f 71/1/1497 59/16/1497 75/21/1497
f 60/10/1498 61/7/1498 77/23/1498
f 75/21/1499 59/16/1499 60/10/1499
f 77/23/1500 61/7/1500 54/20/1500
f 55/26/1501 71/1/1501 79/22/1501
f 56/28/1502 72/4/1502 73/3/1502
f 57/29/1503 73/3/1503 71/1/1503
f 94/1/1504 83/16/1504 81/2/1504
f 96/3/1505 81/2/1505 82/5/1505
f 86/6/1506 87/9/1506 85/7/1506
f 87/9/1507 88/17/1507 84/10/1507
f 90/11/1508 82/5/1508 81/2/1508
f 93/13/1509 86/6/1509 80/8/1509
f 91/15/1510 89/12/1510 81/2/1510
f 88/17/1511 91/15/1511 83/16/1511
f 92/14/1512 80/8/1512 58/18/1512
f 80/8/1513 85/7/1513 54/20/1513
f 97/21/1514 83/16/1514 94/1/1514
f 99/23/1515 85/7/1515 84/10/1515
f 97/21/1516 98/24/1516 84/10/1516
f 99/23/1517 78/25/1517 54/20/1517
f 100/22/1518 94/1/1518 55/26/1518
f 56/28/1519 57/29/1519 96/3/1519
f 55/26/1520 94/1/1520 96/3/1520
f 22/4/1521 3/5/1521 53/5/1521
f 16/11/1522 66/11/1522 53/5/1522
f 14/17/1523 64/17/1523 67/15/1523
f 15/12/1524 17/15/1524 67/15/1524
f 16/11/1525 15/12/1525 65/12/1525
f 14/17/1526 13/9/1526 63/9/1526
f 12/6/1527 62/6/1527 63/9/1527
f 20/13/1528 70/13/1528 62/6/1528
f 18/14/1529 19/19/1529 69/19/1529
f 20/13/1530 18/14/1530 68/14/1530
f 22/4/1531 72/4/1531 56/28/1531
f 24/27/1532 74/27/1532 79/22/1532
f 28/25/1533 27/23/1533 77/23/1533
f 25/21/1534 75/21/1534 76/24/1534
f 27/23/1535 26/24/1535 76/24/1535
f 25/21/1536 29/22/1536 79/22/1536
f 45/4/1537 95/4/1537 82/5/1537
f 40/11/1538 32/5/1538 82/5/1538
f 41/15/1539 91/15/1539 88/17/1539
f 39/12/1540 89/12/1540 91/15/1540
f 40/11/1541 90/11/1541 89/12/1541
f 38/17/1542 88/17/1542 87/9/1542
f 36/6/1543 37/9/1543 87/9/1543
f 43/13/1544 36/6/1544 86/6/1544
f 19/19/1545 42/14/1545 92/14/1545
f 43/13/1546 93/13/1546 92/14/1546
f 45/4/1547 6/28/1547 56/28/1547
f 50/22/1548 100/22/1548 74/27/1548
f 49/23/1549 28/25/1549 78/25/1549
f 47/21/1550 48/24/1550 98/24/1550
f 49/23/1551 99/23/1551 98/24/1551
f 50/22/1552 47/21/1552 97/21/1552
f 1266/675/2622 1240/709/2622 1236/676/2622
f 1260/678/2623 1243/732/2623 1239/679/2623
f 1242/681/2624 1244/688/2624 1241/682/2624
f 1259/684/2625 1240/709/2625 1266/675/2625
f 1265/686/2626 1242/681/2626 1238/683/2626
f 1236/676/2627 1240/709/2627 1244/688/2627
f 1237/689/2628 1243/732/2628 1260/678/2628
f 1284/690/2629 1247/725/2629 1262/691/2629
f 1290/693/2630 1287/727/2630 1248/694/2630
f 1294/696/2631 1251/734/2631 1246/697/2631
f 1236/676/2632 1242/681/2632 1265/686/2632
f 1286/699/2633 1249/711/2633 1245/700/2633
f 1285/702/2634 1255/731/2634 1257/703/2634
f 1291/704/2635 1253/708/2635 1257/703/2635
f 1293/705/2636 1254/728/2636 1263/706/2636
f 1295/707/2637 1263/706/2637 1253/708/2637
f 1240/709/2638 1259/684/2638 1260/678/2638
f 1268/710/2639 1237/689/2639 1259/684/2639
f 1244/688/2640 1260/678/2640 1258/680/2640
f 1289/692/2641 1262/691/2641 1249/711/2641
f 1282/712/2642 1268/710/2642 1269/685/2642
f 1279/714/2643 1264/677/2643 1265/686/2643
f 1265/686/2644 1267/687/2644 1281/716/2644
f 1278/713/2645 1269/685/2645 1266/675/2645
f 1280/717/2646 1266/675/2646 1264/677/2646
f 1267/687/2647 1276/723/2647 1283/718/2647
f 1241/682/2648 1258/680/2648 1275/719/2648
f 1238/683/2649 1241/682/2649 1272/720/2649
f 1258/680/2650 1239/679/2650 1271/722/2650
f 1267/687/2651 1238/683/2651 1270/721/2651
f 1281/716/2652 1283/718/2652 1273/695/2652
f 1249/711/2653 1280/717/2653 1279/714/2653
f 1278/713/2654 1280/717/2654 1249/711/2654
f 1277/715/2655 1281/716/2655 1248/694/2655
f 1245/700/2656 1279/714/2656 1277/715/2656
f 1282/712/2657 1278/713/2657 1262/691/2657
f 1263/706/2658 1289/692/2658 1286/699/2658
f 1252/724/2659 1285/702/2659 1288/701/2659
f 1253/708/2660 1286/699/2660 1288/701/2660
f 1274/726/2661 1256/733/2661 1287/727/2661
f 1254/728/2662 1284/690/2662 1289/692/2662
f 1261/729/2663 1295/707/2663 1291/704/2663
f 1255/731/2664 1294/696/2664 1292/698/2664
f 1275/719/2665 1271/722/2665 1297/722/2665
f 1270/721/2666 1272/720/2666 1298/720/2666
f 1325/675/2667 1323/677/2667 1300/676/2667
f 1319/678/2668 1317/680/2668 1239/679/2668
f 1304/681/2669 1301/683/2669 1303/682/2669
f 1325/675/2670 1302/709/2670 1318/684/2670
f 1324/686/2671 1326/687/2671 1301/683/2671
f 1300/676/2672 1304/681/2672 1305/688/2672
f 1319/678/2673 1243/732/2673 1237/689/2673
f 1344/692/2674 1321/691/2674 1247/725/2674
f 1345/693/2675 1330/695/2675 1308/694/2675
f 1307/697/2676 1311/734/2676 1348/696/2676
f 1324/686/2677 1304/681/2677 1300/676/2677
f 1306/700/2678 1309/711/2678 1341/699/2678
f 1316/703/2679 1314/731/2679 1340/702/2679
f 1316/703/2680 1313/708/2680 1346/704/2680
f 1349/707/2681 1322/706/2681 1254/728/2681
f 1346/704/2682 1313/708/2682 1322/706/2682
f 1302/709/2683 1305/688/2683 1319/678/2683
f 1268/710/2684 1327/685/2684 1318/684/2684
f 1305/688/2685 1303/682/2685 1317/680/2685
f 1341/699/2686 1309/711/2686 1321/691/2686
f 1282/712/2687 1335/713/2687 1327/685/2687
f 1336/714/2688 1334/715/2688 1324/686/2688
f 1338/716/2689 1326/687/2689 1324/686/2689
f 1335/713/2690 1337/717/2690 1325/675/2690
f 1337/717/2691 1336/714/2691 1323/677/2691
f 1339/718/2692 1333/723/2692 1326/687/2692
f 1303/682/2693 1329/720/2693 1332/719/2693
f 1301/683/2694 1328/721/2694 1329/720/2694
f 1317/680/2695 1332/719/2695 1271/722/2695
f 1326/687/2696 1333/723/2696 1328/721/2696
f 1330/695/2697 1339/718/2697 1338/716/2697
f 1309/711/2698 1306/700/2698 1336/714/2698
f 1309/711/2699 1337/717/2699 1335/713/2699
f 1308/694/2700 1338/716/2700 1334/715/2700
f 1306/700/2701 1312/724/2701 1334/715/2701
f 1321/691/2702 1335/713/2702 1282/712/2702
f 1313/708/2703 1341/699/2703 1344/692/2703
f 1343/701/2704 1340/702/2704 1312/724/2704
f 1343/701/2705 1341/699/2705 1313/708/2705
f 1331/726/2706 1345/693/2706 1342/727/2706
f 1322/706/2707 1344/692/2707 1284/690/2707
f 1310/730/2708 1346/704/2708 1349/707/2708
f 1347/698/2709 1348/696/2709 1314/731/2709
f 1332/719/2710 1352/719/2710 1297/722/2710
f 1328/721/2711 1350/721/2711 1351/720/2711
f 1383/675/2712 1381/677/2712 1353/676/2712
f 1377/678/2713 1375/680/2713 1356/679/2713
f 1359/681/2714 1355/683/2714 1358/682/2714
f 1383/675/2715 1357/709/2715 1376/684/2715
f 1382/686/2716 1384/687/2716 1355/683/2716
f 1353/676/2717 1359/681/2717 1361/688/2717
f 1377/678/2718 1360/732/2718 1354/689/2718
f 1406/692/2719 1379/691/2719 1364/725/2719
f 1407/693/2720 1390/695/2720 1365/694/2720
f 1363/697/2721 1368/734/2721 1411/696/2721
f 1382/686/2722 1359/681/2722 1353/676/2722
f 1362/700/2723 1366/711/2723 1403/699/2723
f 1374/703/2724 1372/731/2724 1402/702/2724
f 1374/703/2725 1370/708/2725 1408/704/2725
f 1380/706/2726 1371/728/2726 1410/705/2726
f 1370/708/2727 1380/706/2727 1412/707/2727
f 1357/709/2728 1361/688/2728 1377/678/2728
f 1385/710/2729 1386/685/2729 1376/684/2729
f 1361/688/2730 1358/682/2730 1375/680/2730
f 1366/711/2731 1379/691/2731 1406/692/2731
f 1399/712/2732 1395/713/2732 1386/685/2732
f 1396/714/2733 1394/715/2733 1382/686/2733
f 1398/716/2734 1384/687/2734 1382/686/2734
f 1395/713/2735 1397/717/2735 1383/675/2735
f 1397/717/2736 1396/714/2736 1381/677/2736
f 1400/718/2737 1393/723/2737 1384/687/2737
f 1358/682/2738 1389/720/2738 1392/719/2738
f 1355/683/2739 1387/721/2739 1389/720/2739
f 1375/680/2740 1392/719/2740 1388/722/2740
f 1384/687/2741 1393/723/2741 1387/721/2741
f 1390/695/2742 1400/718/2742 1398/716/2742
f 1366/711/2743 1362/700/2743 1396/714/2743
f 1366/711/2744 1397/717/2744 1395/713/2744
f 1365/694/2745 1398/716/2745 1394/715/2745
f 1362/700/2746 1369/724/2746 1394/715/2746
f 1364/725/2747 1379/691/2747 1395/713/2747
f 1403/699/2748 1406/692/2748 1380/706/2748
f 1405/701/2749 1402/702/2749 1369/724/2749
f 1405/701/2750 1403/699/2750 1370/708/2750
f 1391/726/2751 1407/693/2751 1404/727/2751
f 1406/692/2752 1401/690/2752 1371/728/2752
f 1408/704/2753 1412/707/2753 1378/729/2753
f 1409/698/2754 1411/696/2754 1372/731/2754
f 1392/719/2755 1416/719/2755 1414/722/2755
f 1387/721/2756 1413/721/2756 1415/720/2756
f 1442/675/2757 1419/709/2757 1417/676/2757
f 1436/678/2758 1360/732/2758 1356/679/2758
f 1421/681/2759 1422/688/2759 1420/682/2759
f 1435/684/2760 1419/709/2760 1442/675/2760
f 1441/686/2761 1421/681/2761 1418/683/2761
f 1417/676/2762 1419/709/2762 1422/688/2762
f 1354/689/2763 1360/732/2763 1436/678/2763
f 1461/692/2764 1401/690/2764 1364/725/2764
f 1462/693/2765 1459/727/2765 1425/694/2765
f 1465/696/2766 1428/734/2766 1424/697/2766
f 1417/676/2767 1421/681/2767 1441/686/2767
f 1458/699/2768 1426/711/2768 1423/700/2768
f 1457/702/2769 1431/731/2769 1433/703/2769
f 1463/704/2770 1430/708/2770 1433/703/2770
f 1466/707/2771 1410/705/2771 1371/728/2771
f 1463/704/2772 1466/707/2772 1439/706/2772
f 1419/709/2773 1435/684/2773 1436/678/2773
f 1385/710/2774 1354/689/2774 1435/684/2774
f 1422/688/2775 1436/678/2775 1434/680/2775
f 1461/692/2776 1438/691/2776 1426/711/2776
f 1399/712/2777 1385/710/2777 1444/685/2777
f 1453/714/2778 1440/677/2778 1441/686/2778
f 1441/686/2779 1443/687/2779 1455/716/2779
f 1452/713/2780 1444/685/2780 1442/675/2780
f 1454/717/2781 1442/675/2781 1440/677/2781
f 1443/687/2782 1450/723/2782 1456/718/2782
f 1420/682/2783 1434/680/2783 1449/719/2783
f 1418/683/2784 1420/682/2784 1446/720/2784
f 1434/680/2785 1356/679/2785 1388/722/2785
f 1443/687/2786 1418/683/2786 1445/721/2786
f 1455/716/2787 1456/718/2787 1447/695/2787
f 1426/711/2788 1454/717/2788 1453/714/2788
f 1452/713/2789 1454/717/2789 1426/711/2789
f 1451/715/2790 1455/716/2790 1425/694/2790
f 1423/700/2791 1453/714/2791 1451/715/2791
f 1364/725/2792 1399/712/2792 1452/713/2792
f 1439/706/2793 1461/692/2793 1458/699/2793
f 1429/724/2794 1457/702/2794 1460/701/2794
f 1430/708/2795 1458/699/2795 1460/701/2795
f 1448/726/2796 1432/733/2796 1459/727/2796
f 1439/706/2797 1371/728/2797 1401/690/2797
f 1427/730/2798 1437/729/2798 1466/707/2798
f 1431/731/2799 1465/696/2799 1464/698/2799
f 1449/719/2800 1388/722/2800 1414/722/2800
f 1445/721/2801 1446/720/2801 1468/720/2801
f 1250/730/2802 1291/704/2802 1408/704/2802
f 1252/724/2803 1248/694/2803 1365/694/2803
f 1246/697/2804 1363/697/2804 1409/698/2804
f 1246/697/2805 1251/734/2805 1368/734/2805
f 1294/696/2806 1255/731/2806 1372/731/2806
f 1261/729/2807 1250/730/2807 1367/730/2807
f 1274/726/1375 1391/726/1375 1373/733/1375
f 1273/695/2808 1283/718/2808 1400/718/2808
f 1275/719/2809 1392/719/2809 1389/720/2809
f 1276/723/2810 1270/721/2810 1387/721/2810
f 1252/724/2811 1369/724/2811 1402/702/2811
f 1287/727/2812 1256/733/2812 1373/733/2812
f 1290/693/2813 1273/695/2813 1390/695/2813
f 1276/723/2814 1393/723/2814 1400/718/2814
f 1285/702/2815 1402/702/2815 1372/731/2815
f 1248/694/2816 1287/727/2816 1404/727/2816
f 1290/693/2817 1407/693/2817 1391/726/2817
f 1294/696/2818 1411/696/2818 1368/734/2818
f 1261/729/2819 1378/729/2819 1412/707/2819
f 1295/707/2820 1412/707/2820 1410/705/2820
f 1291/704/2821 1292/698/2821 1409/698/2821
f 1298/720/2822 1415/720/2822 1413/721/2822
f 1299/719/2823 1297/722/2823 1414/722/2823
f 1299/719/2824 1416/719/2824 1392/719/2824
f 1296/721/2825 1413/721/2825 1387/721/2825
f 1298/720/2826 1272/720/2826 1389/720/2826
f 1310/730/2827 1427/730/2827 1463/704/2827
f 1312/724/2828 1429/724/2828 1425/694/2828
f 1307/697/2829 1347/698/2829 1464/698/2829
f 1307/697/2830 1424/697/2830 1428/734/2830
f 1348/696/2831 1465/696/2831 1431/731/2831
f 1310/730/2832 1320/729/2832 1437/729/2832
f 1331/726/1401 1315/733/1401 1432/733/1401
f 1330/695/2833 1447/695/2833 1456/718/2833
f 1332/719/2834 1329/720/2834 1446/720/2834
f 1333/723/2835 1450/723/2835 1445/721/2835
f 1312/724/2836 1340/702/2836 1457/702/2836
f 1342/727/2837 1459/727/2837 1432/733/2837
f 1345/693/2838 1462/693/2838 1447/695/2838
f 1333/723/2839 1339/718/2839 1456/718/2839
f 1340/702/2840 1314/731/2840 1431/731/2840
f 1308/694/2841 1425/694/2841 1459/727/2841
f 1345/693/2842 1331/726/2842 1448/726/2842
f 1311/734/2843 1428/734/2843 1465/696/2843
f 1320/729/2844 1349/707/2844 1466/707/2844
f 1349/707/2845 1293/705/2845 1410/705/2845
f 1346/704/2846 1463/704/2846 1464/698/2846
f 1351/720/1416 1350/721/1416 1467/721/1416
f 1352/719/2847 1469/719/2847 1414/722/2847
f 1352/719/2848 1332/719/2848 1449/719/2848
f 1350/721/2849 1328/721/2849 1445/721/2849
f 1351/720/2850 1468/720/2850 1446/720/2850
g Cube.004_BM_Low_Poly_Edge_Texture_1
usemtl BM_Low_Poly_Edge_Texture_1
f 400/30/101 119/31/101 403/32/101
f 1488/33/102 128/34/102 1491/35/102
f 364/36/103 122/37/103 362/38/103
f 401/39/104 363/40/104 413/41/104
f 402/42/105 167/43/105 408/44/105
f 114/45/106 166/46/106 168/47/106
f 1486/48/107 129/49/107 1490/50/107
f 403/32/108 120/51/108 401/39/108
f 1484/52/109 369/53/109 1487/54/109
f 167/43/110 114/45/110 168/47/110
f 363/40/111 121/55/111 364/36/111
f 1485/56/112 131/57/112 1489/58/112
f 158/59/113 145/60/113 116/61/113
f 159/62/114 144/63/114 145/60/114
f 162/64/115 119/31/115 161/65/115
f 164/66/116 121/55/116 163/67/116
f 371/68/117 116/61/117 367/69/117
f 161/65/118 142/70/118 165/71/118
f 165/71/119 144/63/119 160/72/119
f 163/67/120 120/51/120 162/64/120
f 1490/50/121 126/73/121 1492/74/121
f 1489/58/122 125/75/122 1486/48/122
f 1492/74/123 130/76/123 1484/52/123
f 1491/35/124 127/77/124 1485/56/124
f 367/69/125 140/78/125 370/79/125
f 108/80/126 170/81/126 166/46/126
f 122/37/127 365/82/127 362/38/127
f 116/61/128 132/83/128 140/78/128
f 123/84/129 400/30/129 405/85/129
f 118/86/130 145/60/130 144/63/130
f 123/84/131 144/63/131 142/70/131
f 146/87/132 145/60/132 117/88/132
f 113/106/143 162/64/143 106/107/143
f 104/108/144 160/72/144 112/109/144
f 110/110/145 165/71/145 104/108/145
f 109/111/146 371/68/146 368/112/146
f 105/113/147 163/67/147 113/106/147
f 106/107/148 161/65/148 110/110/148
f 102/114/149 160/72/149 159/62/149
f 102/114/150 158/59/150 109/111/150
f 124/166/179 193/167/179 128/34/179
f 126/73/180 194/168/180 191/169/180
f 125/75/181 196/170/181 190/171/181
f 126/73/182 195/172/182 130/76/182
f 127/77/183 193/167/183 192/173/183
f 127/77/184 196/170/184 131/57/184
f 369/53/185 195/172/185 372/174/185
f 125/75/186 194/168/186 129/49/186
f 191/169/187 202/175/187 199/176/187
f 196/170/188 198/177/188 190/171/188
f 195/172/189 199/176/189 203/178/189
f 192/173/190 201/179/190 200/180/190
f 196/170/191 200/180/191 204/181/191
f 372/174/192 203/178/192 373/182/192
f 190/171/193 202/175/193 194/168/193
f 193/167/194 197/183/194 201/179/194
f 309/184/195 227/185/195 229/186/195
f 307/187/196 261/188/196 412/189/196
f 308/190/197 228/191/197 311/192/197
f 308/190/198 229/186/198 205/193/198
f 117/88/291 309/184/291 308/190/291
f 117/88/292 311/192/292 146/87/292
f 143/347/293 412/189/293 405/85/293
f 118/86/294 310/348/294 309/184/294
f 362/38/332 137/375/332 108/80/332
f 363/40/333 114/45/333 107/376/333
f 413/41/334 107/376/334 402/42/334
f 364/36/335 108/80/335 114/45/335
f 189/377/336 373/182/336 197/183/336
f 369/53/337 189/377/337 124/166/337
f 368/112/338 164/66/338 105/113/338
f 122/37/339 370/79/339 136/378/339
f 164/66/340 367/69/340 122/37/340
f 1487/54/341 124/166/341 1488/33/341
f 368/112/358 391/385/358 109/111/358
f 102/114/359 394/386/359 112/109/359
f 113/106/360 392/387/360 105/113/360
f 104/108/361 395/388/361 110/110/361
f 106/107/362 398/389/362 113/106/362
f 112/109/363 393/390/363 104/108/363
f 105/113/364 399/391/364 368/112/364
f 110/110/365 396/392/365 106/107/365
f 109/111/366 397/393/366 102/114/366
f 138/394/367 413/41/367 402/42/367
f 123/84/368 412/189/368 310/348/368
f 310/348/369 261/188/369 227/185/369
f 405/85/376 134/399/376 143/347/376
f 135/400/377 403/32/377 401/39/377
f 169/401/378 402/42/378 408/44/378
f 366/402/379 401/39/379 413/41/379
f 139/403/380 400/30/380 403/32/380
f 511/31/454 734/30/454 737/32/454
f 520/34/455 1497/445/455 1500/446/455
f 701/38/456 513/55/456 703/36/456
f 747/41/457 512/51/457 735/39/457
f 742/44/458 500/376/458 736/42/458
f 544/46/459 507/45/459 546/47/459
f 521/49/460 1495/447/460 1499/448/460
f 512/51/461 737/32/461 735/39/461
f 706/53/462 1493/449/462 1496/450/462
f 546/47/463 500/376/463 545/43/463
f 702/40/464 513/55/464 512/51/464
f 523/57/465 1494/451/465 1498/452/465
f 536/59/466 526/60/466 537/62/466
f 537/62/467 525/63/467 538/72/467
f 511/31/468 540/64/468 539/65/468
f 541/67/469 514/37/469 542/66/469
f 707/68/470 508/61/470 536/59/470
f 524/70/471 539/65/471 543/71/471
f 538/72/472 524/70/472 543/71/472
f 512/51/473 541/67/473 540/64/473
f 518/73/474 1499/448/474 1501/453/474
f 1495/447/475 523/57/475 1498/452/475
f 522/76/476 1501/453/476 1493/449/476
f 519/77/477 1500/446/477 1494/451/477
f 704/69/478 140/78/478 508/61/478
f 544/46/479 137/375/479 501/80/479
f 365/82/480 514/37/480 701/38/480
f 508/61/481 132/83/481 526/60/481
f 734/30/482 515/84/482 739/85/482
f 510/86/483 526/60/483 509/88/483
f 515/84/484 525/63/484 510/86/484
f 509/88/485 132/83/485 146/87/485
f 540/64/496 506/106/496 499/107/496
f 538/72/497 497/108/497 505/109/497
f 543/71/498 503/110/498 497/108/498
f 707/68/499 502/111/499 705/112/499
f 541/67/500 498/113/500 506/106/500
f 539/65/501 499/107/501 503/110/501
f 495/114/502 538/72/502 505/109/502
f 536/59/503 495/114/503 502/111/503
f 569/167/532 516/166/532 520/34/532
f 567/169/533 521/49/533 518/73/533
f 517/75/534 572/170/534 523/57/534
f 571/172/535 518/73/535 522/76/535
f 519/77/536 569/167/536 520/34/536
f 572/170/537 519/77/537 523/57/537
f 706/53/538 571/172/538 522/76/538
f 570/168/539 517/75/539 521/49/539
f 575/176/540 570/168/540 567/169/540
f 574/177/541 572/170/541 566/171/541
f 571/172/542 575/176/542 567/169/542
f 568/173/543 577/179/543 569/167/543
f 572/170/544 576/180/544 568/173/544
f 708/174/545 579/178/545 571/172/545
f 578/175/546 566/171/546 570/168/546
f 569/167/547 573/183/547 565/377/547
f 663/184/548 596/185/548 664/348/548
f 623/188/549 307/187/549 746/189/549
f 228/191/550 662/190/550 311/192/550
f 662/190/551 597/186/551 663/184/551
f 509/88/644 663/184/644 510/86/644
f 311/192/645 509/88/645 146/87/645
f 746/189/646 143/347/646 739/85/646
f 510/86/647 664/348/647 515/84/647
f 501/80/685 365/82/685 701/38/685
f 507/45/686 702/40/686 500/376/686
f 500/376/687 747/41/687 736/42/687
f 501/80/688 703/36/688 507/45/688
f 565/377/689 709/182/689 708/174/689
f 565/377/690 706/53/690 516/166/690
f 542/66/691 705/112/691 498/113/691
f 514/37/692 370/79/692 704/69/692
f 542/66/693 704/69/693 707/68/693
f 516/166/694 1496/450/694 1497/445/694
f 725/385/711 705/112/711 502/111/711
f 505/109/712 731/393/712 495/114/712
f 726/387/713 506/106/713 498/113/713
f 729/388/714 497/108/714 503/110/714
f 732/389/715 499/107/715 506/106/715
f 727/390/716 505/109/716 497/108/716
f 733/391/717 498/113/717 705/112/717
f 730/392/718 503/110/718 499/107/718
f 731/393/719 502/111/719 495/114/719
f 138/394/720 747/41/720 366/402/720
f 515/84/721 746/189/721 739/85/721
f 664/348/722 623/188/722 746/189/722
f 134/399/729 739/85/729 143/347/729
f 735/39/730 139/403/730 135/400/730
f 169/401/731 736/42/731 138/394/731
f 366/402/732 735/39/732 135/400/732
f 737/32/733 134/399/733 139/403/733
f 399/391/1435 1488/33/1435 391/385/1435
f 397/393/1436 1485/56/1436 394/386/1436
f 398/389/1437 1484/52/1437 392/387/1437
f 393/390/1438 1486/48/1438 395/388/1438
f 396/392/1439 1492/74/1439 398/389/1439
f 394/386/1440 1489/58/1440 393/390/1440
f 392/387/1441 1487/54/1441 399/391/1441
f 395/388/1442 1490/50/1442 396/392/1442
f 391/385/1443 1491/35/1443 397/393/1443
f 1497/445/1444 733/391/1444 725/385/1444
f 1494/451/1445 731/393/1445 728/386/1445
f 1493/449/1446 732/389/1446 726/387/1446
f 729/388/1447 1498/452/1447 727/390/1447
f 1501/453/1448 730/392/1448 732/389/1448
f 1498/452/1449 728/386/1449 727/390/1449
f 1496/450/1450 726/387/1450 733/391/1450
f 1499/448/1451 729/388/1451 730/392/1451
f 1500/446/1452 725/385/1452 731/393/1452
f 400/30/1553 142/70/1553 119/31/1553
f 1488/33/1554 124/166/1554 128/34/1554
f 364/36/1555 121/55/1555 122/37/1555
f 401/39/1556 120/51/1556 363/40/1556
f 402/42/1557 107/376/1557 167/43/1557
f 114/45/1558 108/80/1558 166/46/1558
f 1486/48/1559 125/75/1559 129/49/1559
f 403/32/1560 119/31/1560 120/51/1560
f 1484/52/1561 130/76/1561 369/53/1561
f 167/43/1562 107/376/1562 114/45/1562
f 363/40/1563 120/51/1563 121/55/1563
f 1485/56/1564 127/77/1564 131/57/1564
f 158/59/1565 159/62/1565 145/60/1565
f 159/62/1566 160/72/1566 144/63/1566
f 162/64/1567 120/51/1567 119/31/1567
f 164/66/1568 122/37/1568 121/55/1568
f 371/68/1569 158/59/1569 116/61/1569
f 161/65/1570 119/31/1570 142/70/1570
f 165/71/1571 142/70/1571 144/63/1571
f 163/67/1572 121/55/1572 120/51/1572
f 1490/50/1573 129/49/1573 126/73/1573
f 1489/58/1574 131/57/1574 125/75/1574
f 1492/74/1575 126/73/1575 130/76/1575
f 1491/35/1576 128/34/1576 127/77/1576
f 367/69/1577 116/61/1577 140/78/1577
f 108/80/1578 137/375/1578 170/81/1578
f 122/37/1579 136/378/1579 365/82/1579
f 116/61/1580 145/60/1580 132/83/1580
f 123/84/1581 142/70/1581 400/30/1581
f 118/86/1582 117/88/1582 145/60/1582
f 123/84/1583 118/86/1583 144/63/1583
f 146/87/1584 132/83/1584 145/60/1584
f 113/106/1595 163/67/1595 162/64/1595
f 104/108/1596 165/71/1596 160/72/1596
f 110/110/1597 161/65/1597 165/71/1597
f 109/111/1598 158/59/1598 371/68/1598
f 105/113/1599 164/66/1599 163/67/1599
f 106/107/1600 162/64/1600 161/65/1600
f 102/114/1601 112/109/1601 160/72/1601
f 102/114/1602 159/62/1602 158/59/1602
f 124/166/1631 189/377/1631 193/167/1631
f 126/73/1632 129/49/1632 194/168/1632
f 125/75/1633 131/57/1633 196/170/1633
f 126/73/1634 191/169/1634 195/172/1634
f 127/77/1635 128/34/1635 193/167/1635
f 127/77/1636 192/173/1636 196/170/1636
f 369/53/1637 130/76/1637 195/172/1637
f 125/75/1638 190/171/1638 194/168/1638
f 191/169/1639 194/168/1639 202/175/1639
f 196/170/1640 204/181/1640 198/177/1640
f 195/172/1641 191/169/1641 199/176/1641
f 192/173/1642 193/167/1642 201/179/1642
f 196/170/1643 192/173/1643 200/180/1643
f 372/174/1644 195/172/1644 203/178/1644
f 190/171/1645 198/177/1645 202/175/1645
f 193/167/1646 189/377/1646 197/183/1646
f 309/184/1647 310/348/1647 227/185/1647
f 307/187/1648 206/735/1648 261/188/1648
f 308/190/1649 205/193/1649 228/191/1649
f 308/190/1650 309/184/1650 229/186/1650
f 117/88/1743 118/86/1743 309/184/1743
f 117/88/1744 308/190/1744 311/192/1744
f 143/347/1745 307/187/1745 412/189/1745
f 118/86/1746 123/84/1746 310/348/1746
f 362/38/1784 365/82/1784 137/375/1784
f 363/40/1785 364/36/1785 114/45/1785
f 413/41/1786 363/40/1786 107/376/1786
f 364/36/1787 362/38/1787 108/80/1787
f 189/377/1788 372/174/1788 373/182/1788
f 369/53/1789 372/174/1789 189/377/1789
f 368/112/1790 371/68/1790 164/66/1790
f 122/37/1791 367/69/1791 370/79/1791
f 164/66/1792 371/68/1792 367/69/1792
f 1487/54/1793 369/53/1793 124/166/1793
f 368/112/1810 399/391/1810 391/385/1810
f 102/114/1811 397/393/1811 394/386/1811
f 113/106/1812 398/389/1812 392/387/1812
f 104/108/1813 393/390/1813 395/388/1813
f 106/107/1814 396/392/1814 398/389/1814
f 112/109/1815 394/386/1815 393/390/1815
f 105/113/1816 392/387/1816 399/391/1816
f 110/110/1817 395/388/1817 396/392/1817
f 109/111/1818 391/385/1818 397/393/1818
f 138/394/1819 366/402/1819 413/41/1819
f 123/84/1820 405/85/1820 412/189/1820
f 310/348/1821 412/189/1821 261/188/1821
f 405/85/1828 400/30/1828 134/399/1828
f 135/400/1829 139/403/1829 403/32/1829
f 169/401/1830 138/394/1830 402/42/1830
f 366/402/1831 135/400/1831 401/39/1831
f 139/403/1832 134/399/1832 400/30/1832
f 511/31/1906 524/70/1906 734/30/1906
f 520/34/1907 516/166/1907 1497/445/1907
f 701/38/1908 514/37/1908 513/55/1908
f 747/41/1909 702/40/1909 512/51/1909
f 742/44/1910 545/43/1910 500/376/1910
f 544/46/1911 501/80/1911 507/45/1911
f 521/49/1912 517/75/1912 1495/447/1912
f 512/51/1913 511/31/1913 737/32/1913
f 706/53/1914 522/76/1914 1493/449/1914
f 546/47/1915 507/45/1915 500/376/1915
f 702/40/1916 703/36/1916 513/55/1916
f 523/57/1917 519/77/1917 1494/451/1917
f 536/59/1918 508/61/1918 526/60/1918
f 537/62/1919 526/60/1919 525/63/1919
f 511/31/1920 512/51/1920 540/64/1920
f 541/67/1921 513/55/1921 514/37/1921
f 707/68/1922 704/69/1922 508/61/1922
f 524/70/1923 511/31/1923 539/65/1923
f 538/72/1924 525/63/1924 524/70/1924
f 512/51/1925 513/55/1925 541/67/1925
f 518/73/1926 521/49/1926 1499/448/1926
f 1495/447/1927 517/75/1927 523/57/1927
f 522/76/1928 518/73/1928 1501/453/1928
f 519/77/1929 520/34/1929 1500/446/1929
f 704/69/1930 370/79/1930 140/78/1930
f 544/46/1931 170/81/1931 137/375/1931
f 365/82/1932 136/378/1932 514/37/1932
f 508/61/1933 140/78/1933 132/83/1933
f 734/30/1934 524/70/1934 515/84/1934
f 510/86/1935 525/63/1935 526/60/1935
f 515/84/1936 524/70/1936 525/63/1936
f 509/88/1937 526/60/1937 132/83/1937
f 540/64/1948 541/67/1948 506/106/1948
f 538/72/1949 543/71/1949 497/108/1949
f 543/71/1950 539/65/1950 503/110/1950
f 707/68/1951 536/59/1951 502/111/1951
f 541/67/1952 542/66/1952 498/113/1952
f 539/65/1953 540/64/1953 499/107/1953
f 495/114/1954 537/62/1954 538/72/1954
f 536/59/1955 537/62/1955 495/114/1955
f 569/167/1984 565/377/1984 516/166/1984
f 567/169/1985 570/168/1985 521/49/1985
f 517/75/1986 566/171/1986 572/170/1986
f 571/172/1987 567/169/1987 518/73/1987
f 519/77/1988 568/173/1988 569/167/1988
f 572/170/1989 568/173/1989 519/77/1989
f 706/53/1990 708/174/1990 571/172/1990
f 570/168/1991 566/171/1991 517/75/1991
f 575/176/1992 578/175/1992 570/168/1992
f 574/177/1993 580/181/1993 572/170/1993
f 571/172/1994 579/178/1994 575/176/1994
f 568/173/1995 576/180/1995 577/179/1995
f 572/170/1996 580/181/1996 576/180/1996
f 708/174/1997 709/182/1997 579/178/1997
f 578/175/1998 574/177/1998 566/171/1998
f 569/167/1999 577/179/1999 573/183/1999
f 663/184/2000 597/186/2000 596/185/2000
f 623/188/2001 206/735/2001 307/187/2001
f 228/191/2002 581/193/2002 662/190/2002
f 662/190/2003 581/193/2003 597/186/2003
f 509/88/2096 662/190/2096 663/184/2096
f 311/192/2097 662/190/2097 509/88/2097
f 746/189/2098 307/187/2098 143/347/2098
f 510/86/2099 663/184/2099 664/348/2099
f 501/80/2137 137/375/2137 365/82/2137
f 507/45/2138 703/36/2138 702/40/2138
f 500/376/2139 702/40/2139 747/41/2139
f 501/80/2140 701/38/2140 703/36/2140
f 565/377/2141 573/183/2141 709/182/2141
f 565/377/2142 708/174/2142 706/53/2142
f 542/66/2143 707/68/2143 705/112/2143
f 514/37/2144 136/378/2144 370/79/2144
f 542/66/2145 514/37/2145 704/69/2145
f 516/166/2146 706/53/2146 1496/450/2146
f 725/385/2163 733/391/2163 705/112/2163
f 505/109/2164 728/386/2164 731/393/2164
f 726/387/2165 732/389/2165 506/106/2165
f 729/388/2166 727/390/2166 497/108/2166
f 732/389/2167 730/392/2167 499/107/2167
f 727/390/2168 728/386/2168 505/109/2168
f 733/391/2169 726/387/2169 498/113/2169
f 730/392/2170 729/388/2170 503/110/2170
f 731/393/2171 725/385/2171 502/111/2171
f 138/394/2172 736/42/2172 747/41/2172
f 515/84/2173 664/348/2173 746/189/2173
f 664/348/2174 596/185/2174 623/188/2174
f 134/399/2181 734/30/2181 739/85/2181
f 735/39/2182 737/32/2182 139/403/2182
f 169/401/2183 742/44/2183 736/42/2183
f 366/402/2184 747/41/2184 735/39/2184
f 737/32/2185 734/30/2185 134/399/2185
f 399/391/2865 1487/54/2865 1488/33/2865
f 397/393/2866 1491/35/2866 1485/56/2866
f 398/389/2867 1492/74/2867 1484/52/2867
f 393/390/2868 1489/58/2868 1486/48/2868
f 396/392/2869 1490/50/2869 1492/74/2869
f 394/386/2870 1485/56/2870 1489/58/2870
f 392/387/2871 1484/52/2871 1487/54/2871
f 395/388/2872 1486/48/2872 1490/50/2872
f 391/385/2873 1488/33/2873 1491/35/2873
f 1497/445/2874 1496/450/2874 733/391/2874
f 1494/451/2875 1500/446/2875 731/393/2875
f 1493/449/2876 1501/453/2876 732/389/2876
f 729/388/2877 1495/447/2877 1498/452/2877
f 1501/453/2878 1499/448/2878 730/392/2878
f 1498/452/2879 1494/451/2879 728/386/2879
f 1496/450/2880 1493/449/2880 726/387/2880
f 1499/448/2881 1495/447/2881 729/388/2881
f 1500/446/2882 1497/445/2882 725/385/2882
g Cube.004_BM_Low_Poly_Edge_Texture_3
usemtl BM_Low_Poly_Edge_Texture_3
f 148/89/133 115/90/133 152/91/133
f 147/92/134 154/93/134 155/94/134
f 149/95/135 152/91/135 154/93/135
f 404/96/136 147/92/136 155/94/136
f 153/97/137 152/91/137 115/90/137
f 103/98/138 154/93/138 111/99/138
f 101/100/139 154/93/139 152/91/139
f 157/101/140 404/96/140 407/102/140
f 153/97/141 141/103/141 156/104/141
f 157/101/142 141/103/142 133/105/142
f 166/115/151 151/116/151 148/89/151
f 167/117/152 149/95/152 147/92/152
f 149/95/153 166/115/153 148/89/153
f 408/118/154 147/92/154 406/119/154
f 467/120/155 183/121/155 464/122/155
f 464/122/156 187/123/156 460/124/156
f 476/125/157 466/126/157 478/127/157
f 470/128/158 188/129/158 411/130/158
f 473/131/159 461/132/159 452/133/159
f 458/134/160 186/135/160 185/136/160
f 101/100/161 171/137/161 176/138/161
f 111/99/162 176/138/162 175/139/162
f 111/99/163 174/140/163 103/98/163
f 156/104/164 173/141/164 172/142/164
f 103/98/165 409/143/165 407/102/165
f 153/97/166 172/142/166 171/137/166
f 472/157/173 455/158/173 475/159/173
f 475/159/174 469/160/174 476/125/174
f 474/161/175 463/162/175 461/132/175
f 473/131/176 457/163/176 472/157/176
f 454/164/177 185/136/177 188/129/177
f 477/165/178 466/126/178 463/162/178
f 407/102/371 173/141/371 157/101/371
f 467/120/372 411/130/372 184/396/372
f 169/397/373 406/119/373 150/398/373
f 407/102/374 155/94/374 103/98/374
f 150/398/375 404/96/375 133/105/375
f 481/404/381 420/405/381 414/406/381
f 484/407/382 419/408/382 417/409/382
f 485/410/383 417/409/383 420/405/383
f 479/411/384 416/412/384 483/413/384
f 482/414/385 416/412/385 415/415/385
f 480/416/386 415/415/386 419/408/386
f 481/404/387 418/417/387 479/411/387
f 460/124/417 465/436/417 464/122/417
f 465/436/418 461/132/418 463/162/418
f 464/122/419 468/437/419 467/120/419
f 468/437/420 463/162/420 466/126/420
f 460/124/421 453/438/421 462/439/421
f 462/439/422 452/133/422 461/132/422
f 458/134/423 456/440/423 459/441/423
f 456/440/424 457/163/424 459/441/424
f 451/442/425 459/441/425 453/438/425
f 459/441/426 452/133/426 453/438/426
f 470/128/427 468/437/427 471/443/427
f 468/437/428 469/160/428 471/443/428
f 454/164/429 471/443/429 456/440/429
f 471/443/430 455/158/430 456/440/430
f 451/442/431 187/123/431 186/135/431
f 172/142/432 478/127/432 477/165/432
f 176/138/433 472/157/433 175/139/433
f 171/137/434 477/165/434 474/161/434
f 174/140/435 476/125/435 409/143/435
f 175/139/436 475/159/436 174/140/436
f 176/138/437 474/161/437 473/131/437
f 409/143/438 478/127/438 173/141/438
f 184/396/439 479/411/439 183/121/439
f 185/136/440 482/414/440 480/416/440
f 186/135/441 483/413/441 482/414/441
f 183/121/442 483/413/442 187/123/442
f 411/130/443 484/407/443 485/410/443
f 188/129/444 480/416/444 484/407/444
f 184/396/445 485/410/445 481/404/445
f 530/91/486 151/116/486 528/89/486
f 533/94/487 529/95/487 527/92/487
f 532/93/488 528/89/488 529/95/488
f 738/96/489 527/92/489 740/119/489
f 531/97/490 530/91/490 494/100/490
f 532/93/491 496/98/491 504/99/491
f 494/100/492 532/93/492 504/99/492
f 738/96/493 535/101/493 741/102/493
f 141/103/494 531/97/494 534/104/494
f 535/101/495 141/103/495 534/104/495
f 528/89/504 170/454/504 544/115/504
f 529/95/505 545/117/505 527/92/505
f 529/95/506 544/115/506 546/455/506
f 527/92/507 742/118/507 740/119/507
f 559/121/508 799/120/508 796/122/508
f 563/123/509 796/122/509 792/124/509
f 798/126/510 808/125/510 810/127/510
f 745/130/511 786/164/511 802/128/511
f 805/131/512 793/132/512 806/161/512
f 790/134/513 562/135/513 783/442/513
f 494/100/514 547/137/514 531/97/514
f 504/99/515 552/138/515 494/100/515
f 550/140/516 504/99/516 496/98/516
f 534/104/517 549/141/517 535/101/517
f 743/143/518 496/98/518 741/102/518
f 547/137/519 534/104/519 531/97/519
f 787/158/526 804/157/526 807/159/526
f 801/160/527 807/159/527 808/125/527
f 806/161/528 795/162/528 809/165/528
f 789/163/529 805/131/529 804/157/529
f 786/164/530 561/136/530 790/134/530
f 809/165/531 798/126/531 810/127/531
f 549/141/724 741/102/724 535/101/724
f 560/396/725 802/128/725 799/120/725
f 740/119/726 169/397/726 150/398/726
f 533/94/727 741/102/727 496/98/727
f 738/96/728 150/398/728 133/105/728
f 748/406/734 817/410/734 813/404/734
f 816/407/735 753/408/735 812/416/735
f 817/410/736 751/409/736 816/407/736
f 750/412/737 811/411/737 815/413/737
f 749/415/738 815/413/738 814/414/738
f 812/416/739 749/415/739 814/414/739
f 752/417/740 813/404/740 811/411/740
f 797/436/770 792/124/770 796/122/770
f 797/436/771 793/132/771 794/439/771
f 800/437/772 796/122/772 799/120/772
f 800/437/773 795/162/773 797/436/773
f 792/124/774 785/438/774 783/442/774
f 794/439/775 784/133/775 785/438/775
f 790/134/776 788/440/776 786/164/776
f 789/163/777 788/440/777 791/441/777
f 783/442/778 791/441/778 790/134/778
f 784/133/779 791/441/779 785/438/779
f 803/443/780 799/120/780 802/128/780
f 801/160/781 800/437/781 803/443/781
f 788/440/782 802/128/782 786/164/782
f 787/158/783 803/443/783 788/440/783
f 562/135/784 792/124/784 783/442/784
f 548/142/785 810/127/785 549/141/785
f 804/157/786 552/138/786 551/139/786
f 547/137/787 809/165/787 548/142/787
f 808/125/788 550/140/788 743/143/788
f 807/159/789 551/139/789 550/140/789
f 552/138/790 806/161/790 547/137/790
f 810/127/791 743/143/791 549/141/791
f 811/411/792 560/396/792 559/121/792
f 561/136/793 814/414/793 562/135/793
f 814/414/794 563/123/794 562/135/794
f 815/413/795 559/121/795 563/123/795
f 745/130/796 816/407/796 564/129/796
f 564/129/797 812/416/797 561/136/797
f 813/404/798 745/130/798 560/396/798
f 418/417/1421 1472/419/1421 1470/421/1421
f 419/408/1422 1473/423/1422 1471/424/1422
f 415/415/1423 1474/422/1423 1473/423/1423
f 418/417/1424 1474/422/1424 416/412/1424
f 420/405/1425 1475/420/1425 1476/418/1425
f 417/409/1426 1471/424/1426 1475/420/1426
f 420/405/1427 1472/419/1427 414/406/1427
f 752/417/1428 1479/419/1428 748/406/1428
f 753/408/1429 1480/423/1429 749/415/1429
f 749/415/1430 1481/422/1430 750/412/1430
f 1481/422/1431 752/417/1431 750/412/1431
f 754/405/1432 1482/420/1432 751/409/1432
f 1482/420/1433 753/408/1433 751/409/1433
f 1479/419/1434 754/405/1434 748/406/1434
f 148/89/1585 151/116/1585 115/90/1585
f 147/92/1586 149/95/1586 154/93/1586
f 149/95/1587 148/89/1587 152/91/1587
f 404/96/1588 406/119/1588 147/92/1588
f 153/97/1589 101/100/1589 152/91/1589
f 103/98/1590 155/94/1590 154/93/1590
f 101/100/1591 111/99/1591 154/93/1591
f 157/101/1592 133/105/1592 404/96/1592
f 153/97/1593 115/90/1593 141/103/1593
f 157/101/1594 156/104/1594 141/103/1594
f 166/115/1603 170/454/1603 151/116/1603
f 167/117/1604 168/455/1604 149/95/1604
f 149/95/1605 168/455/1605 166/115/1605
f 408/118/1606 167/117/1606 147/92/1606
f 467/120/1607 184/396/1607 183/121/1607
f 464/122/1608 183/121/1608 187/123/1608
f 476/125/1609 469/160/1609 466/126/1609
f 470/128/1610 454/164/1610 188/129/1610
f 473/131/1611 474/161/1611 461/132/1611
f 458/134/1612 451/442/1612 186/135/1612
f 101/100/1613 153/97/1613 171/137/1613
f 111/99/1614 101/100/1614 176/138/1614
f 111/99/1615 175/139/1615 174/140/1615
f 156/104/1616 157/101/1616 173/141/1616
f 103/98/1617 174/140/1617 409/143/1617
f 153/97/1618 156/104/1618 172/142/1618
f 472/157/1625 457/163/1625 455/158/1625
f 475/159/1626 455/158/1626 469/160/1626
f 474/161/1627 477/165/1627 463/162/1627
f 473/131/1628 452/133/1628 457/163/1628
f 454/164/1629 458/134/1629 185/136/1629
f 477/165/1630 478/127/1630 466/126/1630
f 407/102/1823 409/143/1823 173/141/1823
f 467/120/1824 470/128/1824 411/130/1824
f 169/397/1825 408/118/1825 406/119/1825
f 407/102/1826 404/96/1826 155/94/1826
f 150/398/1827 406/119/1827 404/96/1827
f 481/404/1833 485/410/1833 420/405/1833
f 484/407/1834 480/416/1834 419/408/1834
f 485/410/1835 484/407/1835 417/409/1835
f 479/411/1836 418/417/1836 416/412/1836
f 482/414/1837 483/413/1837 416/412/1837
f 480/416/1838 482/414/1838 415/415/1838
f 481/404/1839 414/406/1839 418/417/1839
f 460/124/1869 462/439/1869 465/436/1869
f 465/436/1870 462/439/1870 461/132/1870
f 464/122/1871 465/436/1871 468/437/1871
f 468/437/1872 465/436/1872 463/162/1872
f 460/124/1873 451/442/1873 453/438/1873
f 462/439/1874 453/438/1874 452/133/1874
f 458/134/1875 454/164/1875 456/440/1875
f 456/440/1876 455/158/1876 457/163/1876
f 451/442/1877 458/134/1877 459/441/1877
f 459/441/1878 457/163/1878 452/133/1878
f 470/128/1879 467/120/1879 468/437/1879
f 468/437/1880 466/126/1880 469/160/1880
f 454/164/1881 470/128/1881 471/443/1881
f 471/443/1882 469/160/1882 455/158/1882
f 451/442/1883 460/124/1883 187/123/1883
f 172/142/1884 173/141/1884 478/127/1884
f 176/138/1885 473/131/1885 472/157/1885
f 171/137/1886 172/142/1886 477/165/1886
f 174/140/1887 475/159/1887 476/125/1887
f 175/139/1888 472/157/1888 475/159/1888
f 176/138/1889 171/137/1889 474/161/1889
f 409/143/1890 476/125/1890 478/127/1890
f 184/396/1891 481/404/1891 479/411/1891
f 185/136/1892 186/135/1892 482/414/1892
f 186/135/1893 187/123/1893 483/413/1893
f 183/121/1894 479/411/1894 483/413/1894
f 411/130/1895 188/129/1895 484/407/1895
f 188/129/1896 185/136/1896 480/416/1896
f 184/396/1897 411/130/1897 485/410/1897
f 530/91/1938 115/90/1938 151/116/1938
f 533/94/1939 532/93/1939 529/95/1939
f 532/93/1940 530/91/1940 528/89/1940
f 738/96/1941 533/94/1941 527/92/1941
f 531/97/1942 115/90/1942 530/91/1942
f 532/93/1943 533/94/1943 496/98/1943
f 494/100/1944 530/91/1944 532/93/1944
f 738/96/1945 133/105/1945 535/101/1945
f 141/103/1946 115/90/1946 531/97/1946
f 535/101/1947 133/105/1947 141/103/1947
f 528/89/1956 151/116/1956 170/454/1956
f 529/95/1957 546/455/1957 545/117/1957
f 529/95/1958 528/89/1958 544/115/1958
f 527/92/1959 545/117/1959 742/118/1959
f 559/121/1960 560/396/1960 799/120/1960
f 563/123/1961 559/121/1961 796/122/1961
f 798/126/1962 801/160/1962 808/125/1962
f 745/130/1963 564/129/1963 786/164/1963
f 805/131/1964 784/133/1964 793/132/1964
f 790/134/1965 561/136/1965 562/135/1965
f 494/100/1966 552/138/1966 547/137/1966
f 504/99/1967 551/139/1967 552/138/1967
f 550/140/1968 551/139/1968 504/99/1968
f 534/104/1969 548/142/1969 549/141/1969
f 743/143/1970 550/140/1970 496/98/1970
f 547/137/1971 548/142/1971 534/104/1971
f 787/158/1978 789/163/1978 804/157/1978
f 801/160/1979 787/158/1979 807/159/1979
f 806/161/1980 793/132/1980 795/162/1980
f 789/163/1981 784/133/1981 805/131/1981
f 786/164/1982 564/129/1982 561/136/1982
f 809/165/1983 795/162/1983 798/126/1983
f 549/141/2176 743/143/2176 741/102/2176
f 560/396/2177 745/130/2177 802/128/2177
f 740/119/2178 742/118/2178 169/397/2178
f 533/94/2179 738/96/2179 741/102/2179
f 738/96/2180 740/119/2180 150/398/2180
f 748/406/2186 754/405/2186 817/410/2186
f 816/407/2187 751/409/2187 753/408/2187
f 817/410/2188 754/405/2188 751/409/2188
f 750/412/2189 752/417/2189 811/411/2189
f 749/415/2190 750/412/2190 815/413/2190
f 812/416/2191 753/408/2191 749/415/2191
f 752/417/2192 748/406/2192 813/404/2192
f 797/436/2222 794/439/2222 792/124/2222
f 797/436/2223 795/162/2223 793/132/2223
f 800/437/2224 797/436/2224 796/122/2224
f 800/437/2225 798/126/2225 795/162/2225
f 792/124/2226 794/439/2226 785/438/2226
f 794/439/2227 793/132/2227 784/133/2227
f 790/134/2228 791/441/2228 788/440/2228
f 789/163/2229 787/158/2229 788/440/2229
f 783/442/2230 785/438/2230 791/441/2230
f 784/133/2231 789/163/2231 791/441/2231
f 803/443/2232 800/437/2232 799/120/2232
f 801/160/2233 798/126/2233 800/437/2233
f 788/440/2234 803/443/2234 802/128/2234
f 787/158/2235 801/160/2235 803/443/2235
f 562/135/2236 563/123/2236 792/124/2236
f 548/142/2237 809/165/2237 810/127/2237
f 804/157/2238 805/131/2238 552/138/2238
f 547/137/2239 806/161/2239 809/165/2239
f 808/125/2240 807/159/2240 550/140/2240
f 807/159/2241 804/157/2241 551/139/2241
f 552/138/2242 805/131/2242 806/161/2242
f 810/127/2243 808/125/2243 743/143/2243
f 811/411/2244 813/404/2244 560/396/2244
f 561/136/2245 812/416/2245 814/414/2245
f 814/414/2246 815/413/2246 563/123/2246
f 815/413/2247 811/411/2247 559/121/2247
f 745/130/2248 817/410/2248 816/407/2248
f 564/129/2249 816/407/2249 812/416/2249
f 813/404/2250 817/410/2250 745/130/2250
f 418/417/2851 414/406/2851 1472/419/2851
f 419/408/2852 415/415/2852 1473/423/2852
f 415/415/2853 416/412/2853 1474/422/2853
f 418/417/2854 1470/421/2854 1474/422/2854
f 420/405/2855 417/409/2855 1475/420/2855
f 417/409/2856 419/408/2856 1471/424/2856
f 420/405/2857 1476/418/2857 1472/419/2857
f 752/417/2858 1477/421/2858 1479/419/2858
f 753/408/2859 1478/424/2859 1480/423/2859
f 749/415/2860 1480/423/2860 1481/422/2860
f 1481/422/2861 1477/421/2861 752/417/2861
f 754/405/2862 1483/418/2862 1482/420/2862
f 1482/420/2863 1478/424/2863 753/408/2863
f 1479/419/2864 1483/418/2864 754/405/2864
g Cube.004_BM_Low_Poly_Edge_Texture
usemtl BM_Low_Poly_Edge_Texture
f 421/144/167 181/145/167 426/146/167
f 427/147/168 177/148/168 179/149/168
f 423/150/169 177/148/169 422/151/169
f 426/146/170 180/152/170 423/150/170
f 424/153/171 410/154/171 425/155/171
f 424/153/172 179/149/172 178/156/172
f 208/194/199 241/195/199 222/196/199
f 282/197/200 209/198/200 280/199/200
f 257/200/201 287/201/201 289/202/201
f 222/196/202 236/203/202 212/204/202
f 300/205/203 207/206/203 283/207/203
f 226/208/204 212/204/204 220/209/204
f 295/210/205 244/211/205 243/212/205
f 224/213/206 258/214/206 260/215/206
f 299/216/207 214/217/207 257/200/207
f 294/218/208 207/206/208 291/219/208
f 223/220/209 221/221/209 213/222/209
f 292/223/210 243/212/210 245/224/210
f 296/225/211 244/211/211 290/226/211
f 259/227/212 282/197/212 288/228/212
f 223/220/213 285/229/213 281/230/213
f 256/231/214 239/232/214 217/233/214
f 357/234/215 229/235/215 227/236/215
f 209/198/216 225/237/216 223/220/216
f 211/238/217 260/215/217 259/227/217
f 217/233/218 222/196/218 226/208/218
f 239/232/219 208/194/219 217/233/219
f 207/206/220 284/239/220 283/207/220
f 359/240/221 227/236/221 261/241/221
f 358/242/222 205/243/222 361/244/222
f 361/244/223 229/235/223 356/245/223
f 279/246/224 390/247/224 381/248/224
f 251/249/225 441/250/225 433/251/225
f 374/252/226 263/253/226 382/254/226
f 442/255/227 273/256/227 438/257/227
f 387/258/228 235/259/228 297/260/228
f 430/261/229 247/262/229 248/263/229
f 433/251/230 231/264/230 431/265/230
f 209/198/231 281/230/231 280/199/231
f 312/266/232 243/212/232 244/211/232
f 313/267/233 245/224/233 243/212/233
f 316/268/234 265/269/234 318/270/234
f 317/271/235 247/262/235 316/268/235
f 317/271/236 244/211/236 248/263/236
f 377/272/237 230/273/237 380/274/237
f 375/275/238 255/276/238 380/274/238
f 428/277/239 255/276/239 431/265/239
f 340/278/240 272/279/240 271/280/240
f 439/281/241 252/282/241 298/283/241
f 236/203/242 306/284/242 305/285/242
f 432/286/243 267/287/243 435/288/243
f 435/288/244 249/289/244 428/277/244
f 318/270/246 246/293/246 315/294/246
f 434/295/247 265/269/247 247/262/247
f 360/298/249 261/241/249 206/299/249
f 218/300/250 260/215/250 225/237/250
f 210/301/251 262/302/251 256/231/251
f 286/303/252 259/227/252 288/228/252
f 299/216/253 219/304/253 294/218/253
f 225/237/254 258/214/254 221/221/254
f 219/304/255 289/202/255 284/239/255
f 437/305/256 272/279/256 438/257/256
f 382/254/257 238/306/257 377/272/257
f 343/307/258 268/308/258 344/309/258
f 383/310/259 273/256/259 384/311/259
f 444/312/260 240/313/260 443/314/260
f 390/247/261 268/308/261 384/311/261
f 445/315/262 254/316/262 276/317/262
f 447/318/263 254/316/263 446/319/263
f 443/314/264 279/246/264 448/320/264
f 450/321/265 276/317/265 379/322/265
f 346/323/266 289/202/266 349/324/266
f 354/325/267 288/228/267 348/326/267
f 280/199/268 345/327/268 350/328/268
f 352/329/269 284/239/269 346/323/269
f 281/230/270 353/330/270 345/327/270
f 348/326/271 282/197/271 351/331/271
f 300/205/272 352/329/272 355/332/272
f 349/324/273 287/201/273 347/333/273
f 351/331/274 280/199/274 350/328/274
f 353/330/275 300/205/275 355/332/275
f 258/214/276 294/218/276 221/221/276
f 439/281/277 276/317/277 430/261/277
f 448/320/278 381/248/278 449/334/278
f 212/204/279 296/225/279 290/226/279
f 215/335/280 295/210/280 292/223/280
f 213/222/281 294/218/281 291/219/281
f 258/214/282 293/336/282 299/216/282
f 220/209/283 290/226/283 295/210/283
f 285/229/284 291/219/284 300/205/284
f 440/337/285 306/284/285 441/250/285
f 379/322/286 297/260/286 274/338/286
f 242/339/287 303/340/287 302/341/287
f 389/342/288 301/343/288 388/344/288
f 429/345/289 305/285/289 440/337/289
f 252/282/290 389/342/290 378/346/290
f 339/349/295 323/350/295 325/351/295
f 330/352/296 320/353/296 329/354/296
f 338/355/297 315/294/297 335/356/297
f 332/357/298 324/358/298 322/359/298
f 327/360/299 322/359/299 319/361/299
f 326/362/300 313/267/300 312/266/300
f 336/363/301 325/351/301 324/358/301
f 333/364/302 316/268/302 337/365/302
f 328/366/303 313/267/303 331/367/303
f 333/364/304 312/266/304 317/271/304
f 337/365/305 318/270/305 338/355/305
f 331/367/306 327/360/306 330/352/306
f 331/367/307 329/354/307 328/366/307
f 339/349/308 337/365/308 338/355/308
f 336/363/309 333/364/309 337/365/309
f 332/357/310 326/362/310 333/364/310
f 334/368/311 338/355/311 335/356/311
f 327/360/312 321/369/312 330/352/312
f 237/370/313 344/309/313 279/246/313
f 246/293/314 341/371/314 340/278/314
f 436/372/315 342/373/315 442/255/315
f 353/330/316 297/260/316 235/259/316
f 351/331/317 230/273/317 238/306/317
f 349/324/318 237/370/318 279/246/318
f 355/332/319 274/338/319 297/260/319
f 348/326/320 238/306/320 263/253/320
f 345/327/321 235/259/321 242/339/321
f 274/338/322 346/323/322 240/313/322
f 230/273/323 345/327/323 242/339/323
f 354/325/324 263/253/324 233/374/324
f 346/323/325 279/246/325 240/313/325
f 375/275/326 302/341/326 388/344/326
f 210/301/327 359/240/327 360/298/327
f 226/208/328 361/244/328 356/245/328
f 215/335/329 361/244/329 220/209/329
f 256/231/330 357/234/330 359/240/330
f 217/233/331 356/245/331 357/234/331
f 251/249/342 388/344/342 301/343/342
f 378/346/343 303/340/343 235/259/343
f 303/340/344 388/344/344 302/341/344
f 298/283/345 379/322/345 276/317/345
f 447/318/346 381/248/346 278/379/346
f 450/321/347 274/338/347 444/312/347
f 342/373/348 384/311/348 273/256/348
f 269/380/349 384/311/349 268/308/349
f 267/287/350 377/272/350 249/289/350
f 242/339/353 380/274/353 230/273/353
f 249/289/354 380/274/354 255/276/354
f 252/282/355 387/258/355 298/283/355
f 250/384/356 382/254/356 267/287/356
f 278/379/357 390/247/357 342/373/357
f 425/155/370 182/395/370 421/144/370
f 1476/418/388 421/144/388 1472/419/388
f 1475/420/389 427/147/389 424/153/389
f 1476/418/390 424/153/390 425/155/390
f 1470/421/391 423/150/391 1474/422/391
f 1473/423/392 423/150/392 422/151/392
f 1471/424/393 422/151/393 427/147/393
f 1472/419/394 426/146/394 1470/421/394
f 265/269/395 442/255/395 341/371/395
f 252/282/396 440/337/396 304/425/396
f 304/425/397 441/250/397 301/343/397
f 248/263/398 439/281/398 430/261/398
f 270/426/399 438/257/399 273/256/399
f 278/379/400 434/295/400 254/316/400
f 262/302/401 428/277/401 239/232/401
f 234/427/402 435/288/402 262/302/402
f 296/225/403 429/345/403 439/281/403
f 239/232/404 431/265/404 231/264/404
f 251/249/405 431/265/405 255/276/405
f 254/316/406 430/261/406 276/317/406
f 341/371/407 438/257/407 272/279/407
f 433/251/408 306/284/408 241/195/408
f 492/428/409 444/312/409 486/429/409
f 493/430/410 447/318/410 490/431/410
f 491/432/411 449/334/411 493/430/411
f 492/428/412 445/315/412 450/321/412
f 491/432/413 443/314/413 448/320/413
f 490/431/414 446/319/414 488/433/414
f 489/434/415 446/319/415 445/315/415
f 487/435/416 444/312/416 443/314/416
f 557/145/520 755/144/520 760/146/520
f 761/147/521 553/148/521 756/151/521
f 553/148/522 757/150/522 756/151/522
f 556/152/523 760/146/523 757/150/523
f 744/154/524 758/153/524 759/155/524
f 758/153/525 555/149/525 761/147/525
f 583/194/552 606/195/552 599/264/552
f 641/197/553 584/198/553 588/300/553
f 287/201/554 619/200/554 646/202/554
f 592/196/555 602/203/555 606/195/555
f 655/205/556 582/206/556 648/219/556
f 595/208/557 585/204/557 592/196/557
f 650/210/558 609/211/558 647/226/558
f 620/214/559 224/213/559 622/215/559
f 654/216/560 214/217/560 293/336/560
f 582/206/561 649/218/561 648/219/561
f 593/220/562 591/221/562 594/237/562
f 292/223/563 608/212/563 650/210/563
f 609/211/564 651/225/564 647/226/564
f 641/197/565 621/227/565 645/228/565
f 644/229/566 593/220/566 640/230/566
f 618/231/567 604/232/567 624/302/567
f 698/234/568 597/235/568 697/245/568
f 584/198/569 594/237/569 588/300/569
f 622/215/570 211/238/570 621/227/570
f 587/233/571 592/196/571 583/194/571
f 583/194/572 604/232/572 587/233/572
f 643/239/573 582/206/573 642/207/573
f 699/240/574 596/236/574 698/234/574
f 581/243/575 358/242/575 700/244/575
f 697/245/576 581/243/576 700/244/576
f 724/247/577 638/246/577 716/248/577
f 773/250/578 613/249/578 766/251/578
f 717/254/579 233/374/579 374/252/579
f 774/255/580 632/256/580 686/373/580
f 721/258/581 601/259/581 713/346/581
f 764/261/582 610/262/582 767/295/582
f 599/264/583 766/251/583 765/265/583
f 640/230/584 584/198/584 639/199/584
f 665/266/585 608/212/585 666/267/585
f 666/267/586 245/224/586 314/456/586
f 627/269/587 667/268/587 669/270/587
f 610/262/588 668/271/588 667/268/588
f 668/271/589 609/211/589 665/266/589
f 598/273/590 712/272/590 715/274/590
f 617/276/591 710/275/591 715/274/591
f 617/276/592 762/277/592 765/265/592
f 340/278/593 631/279/593 685/371/593
f 771/281/594 614/282/594 763/345/594
f 602/203/595 661/284/595 606/195/595
f 768/288/596 250/384/596 432/286/596
f 762/277/597 629/287/597 768/288/597
f 246/293/599 669/270/599 315/294/599
f 767/295/600 627/269/600 769/372/600
f 360/298/602 623/241/602 699/240/602
f 588/300/603 622/215/603 621/227/603
f 210/301/604 624/302/604 234/427/604
f 286/303/605 621/227/605 211/238/605
f 589/304/606 654/216/606 649/218/606
f 594/237/607 620/214/607 622/215/607
f 646/202/608 589/304/608 643/239/608
f 631/279/609 437/305/609 770/257/609
f 712/272/610 625/253/610 717/254/610
f 630/308/611 343/307/611 687/309/611
f 632/256/612 383/310/612 718/311/612
f 605/313/613 776/312/613 775/314/613
f 724/247/614 630/308/614 687/309/614
f 777/315/615 616/316/615 778/319/615
f 616/316/616 779/318/616 778/319/616
f 638/246/617 775/314/617 780/320/617
f 782/321/618 635/317/618 777/315/618
f 689/323/619 646/202/619 643/239/619
f 354/325/620 645/228/620 286/303/620
f 688/327/621 639/199/621 692/328/621
f 694/329/622 643/239/622 642/207/622
f 695/330/623 640/230/623 688/327/623
f 690/326/624 641/197/624 645/228/624
f 694/329/625 655/205/625 696/332/625
f 691/324/626 287/201/626 646/202/626
f 693/331/627 639/199/627 641/197/627
f 695/330/628 655/205/628 644/229/628
f 649/218/629 620/214/629 591/221/629
f 635/317/630 771/281/630 764/261/630
f 716/248/631 780/320/631 781/334/631
f 585/204/632 651/225/632 602/203/632
f 215/335/633 650/210/633 590/209/633
f 586/222/634 649/218/634 591/221/634
f 620/214/635 293/336/635 216/457/635
f 590/209/636 647/226/636 585/204/636
f 644/229/637 648/219/637 586/222/637
f 661/284/638 772/337/638 773/250/638
f 714/322/639 652/260/639 721/258/639
f 607/339/640 658/340/640 601/259/640
f 656/343/641 723/342/641 722/344/641
f 763/345/642 660/285/642 602/203/642
f 723/342/643 614/282/643 713/346/643
f 684/349/648 323/350/648 334/368/648
f 320/353/649 677/352/649 329/354/649
f 315/294/650 683/355/650 335/356/650
f 679/357/651 673/358/651 681/363/651
f 676/360/652 672/359/652 679/357/652
f 675/362/653 666/267/653 678/367/653
f 681/363/654 674/351/654 684/349/654
f 667/268/655 680/364/655 682/365/655
f 666/267/656 328/366/656 678/367/656
f 680/364/657 665/266/657 675/362/657
f 669/270/658 682/365/658 683/355/658
f 678/367/659 676/360/659 675/362/659
f 329/354/660 678/367/660 328/366/660
f 684/349/661 682/365/661 681/363/661
f 681/363/662 680/364/662 679/357/662
f 679/357/663 675/362/663 676/360/663
f 334/368/664 683/355/664 684/349/664
f 671/369/665 676/360/665 677/352/665
f 687/309/666 237/370/666 638/246/666
f 246/293/667 685/371/667 627/269/667
f 769/372/668 686/373/668 637/379/668
f 652/260/669 695/330/669 601/259/669
f 598/273/670 693/331/670 603/306/670
f 237/370/671 691/324/671 638/246/671
f 633/338/672 696/332/672 652/260/672
f 603/306/673 690/326/673 625/253/673
f 601/259/674 688/327/674 607/339/674
f 633/338/675 689/323/675 694/329/675
f 598/273/676 688/327/676 692/328/676
f 625/253/677 354/325/677 233/374/677
f 638/246/678 689/323/678 605/313/678
f 710/275/679 657/341/679 607/339/679
f 360/298/680 618/231/680 210/301/680
f 595/208/681 700/244/681 590/209/681
f 590/209/682 358/242/682 215/335/682
f 618/231/683 698/234/683 587/233/683
f 587/233/684 697/245/684 595/208/684
f 613/249/695 722/344/695 710/275/695
f 658/340/696 713/346/696 601/259/696
f 722/344/697 658/340/697 657/341/697
f 714/322/698 653/283/698 635/317/698
f 779/318/699 716/248/699 781/334/699
f 633/338/700 782/321/700 776/312/700
f 686/373/701 718/311/701 724/247/701
f 718/311/702 269/380/702 630/308/702
f 612/289/703 717/254/703 629/287/703
f 715/274/706 607/339/706 598/273/706
f 715/274/707 612/289/707 617/276/707
f 721/258/708 614/282/708 653/283/708
f 629/287/709 374/252/709 250/384/709
f 637/379/710 724/247/710 716/248/710
f 558/395/723 759/155/723 755/144/723
f 1479/419/741 759/155/741 1483/418/741
f 1482/420/742 761/147/742 1478/424/742
f 759/155/743 1482/420/743 1483/418/743
f 757/150/744 1477/421/744 1481/422/744
f 756/151/745 1481/422/745 1480/423/745
f 1478/424/746 756/151/746 1480/423/746
f 760/146/747 1479/419/747 1477/421/747
f 627/269/748 774/255/748 769/372/748
f 614/282/749 772/337/749 763/345/749
f 773/250/750 659/425/750 656/343/750
f 611/263/751 771/281/751 651/225/751
f 770/257/752 270/426/752 632/256/752
f 767/295/753 637/379/753 616/316/753
f 762/277/754 624/302/754 604/232/754
f 624/302/755 432/286/755 234/427/755
f 651/225/756 763/345/756 602/203/756
f 765/265/757 604/232/757 599/264/757
f 765/265/758 613/249/758 617/276/758
f 764/261/759 616/316/759 635/317/759
f 685/371/760 770/257/760 774/255/760
f 661/284/761 766/251/761 606/195/761
f 776/312/762 824/428/762 818/429/762
f 779/318/763 825/430/763 822/431/763
f 781/334/764 823/432/764 825/430/764
f 824/428/765 777/315/765 821/434/765
f 823/432/766 775/314/766 819/435/766
f 778/319/767 822/431/767 820/433/767
f 821/434/768 778/319/768 820/433/768
f 819/435/769 776/312/769 818/429/769
f 873/458/807 868/459/807 840/460/807
f 838/461/808 882/462/808 873/458/808
f 851/463/809 852/464/809 882/462/809
f 882/462/810 832/465/810 868/459/810
f 881/466/811 877/467/811 845/468/811
f 843/469/812 883/470/812 881/466/812
f 857/471/813 847/472/813 883/470/813
f 883/470/814 826/473/814 877/467/814
f 840/474/815 884/475/815 872/476/815
f 868/477/816 853/478/816 884/475/816
f 853/478/817 856/479/817 884/475/817
f 884/475/818 839/480/818 872/476/818
f 876/481/819 880/482/819 844/483/819
f 876/481/820 848/484/820 885/485/820
f 885/485/821 827/486/821 857/487/821
f 885/485/822 843/488/822 880/482/822
f 838/489/823 886/490/823 871/491/823
f 866/492/824 862/493/824 886/490/824
f 886/490/825 837/494/825 861/495/825
f 871/491/826 861/495/826 841/496/826
f 842/497/827 887/498/827 879/499/827
f 834/500/828 887/498/828 874/501/828
f 863/502/829 860/503/829 887/498/829
f 879/499/830 860/503/830 845/504/830
f 839/505/831 888/506/831 867/507/831
f 841/508/832 888/506/832 870/509/832
f 861/510/833 864/511/833 888/506/833
f 867/507/834 864/511/834 836/512/834
f 878/513/835 874/514/835 842/515/835
f 878/513/836 859/516/836 889/517/836
f 889/517/837 835/518/837 865/519/837
f 874/514/838 865/519/838 834/520/838
f 830/521/839 890/522/839 856/523/839
f 855/524/840 869/525/840 890/522/840
f 890/522/841 841/508/841 870/509/841
f 856/523/842 870/509/842 839/505/842
f 833/526/843 891/527/843 854/528/843
f 838/489/844 891/527/844 851/529/844
f 871/491/845 869/530/845 891/527/845
f 891/527/846 831/531/846 854/528/846
f 858/532/847 863/502/847 834/500/847
f 840/474/848 892/533/848 858/532/848
f 872/476/849 867/534/849 892/533/849
f 892/533/850 836/535/850 863/502/850
f 834/520/851 893/536/851 858/537/851
f 865/519/852 866/538/852 893/536/852
f 893/536/853 838/461/853 873/458/853
f 858/537/854 873/458/854 840/460/854
f 849/539/855 850/540/855 828/541/855
f 829/542/856 894/543/856 849/539/856
f 876/544/857 878/513/857 894/543/857
f 894/543/858 842/515/858 850/540/858
f 828/545/859 895/546/859 846/547/859
f 850/548/860 879/499/860 895/546/860
f 895/546/861 845/504/861 877/549/861
f 846/547/862 877/549/862 826/550/862
f 835/551/863 896/552/863 862/493/863
f 859/553/864 880/482/864 896/552/864
f 896/552/865 843/488/865 875/554/865
f 862/493/866 875/554/866 837/494/866
f 836/512/867 897/555/867 860/556/867
f 837/557/868 897/555/868 864/511/868
f 897/555/869 843/469/869 881/466/869
f 897/555/870 845/468/870 860/556/870
f 900/558/871 852/559/871 922/559/871
f 940/560/872 916/561/872 917/562/872
f 923/563/873 906/564/873 934/565/873
f 939/566/874 915/567/874 937/568/874
f 951/569/875 899/570/875 942/571/875
f 927/572/876 918/573/876 904/574/876
f 927/572/877 944/575/877 950/576/877
f 943/577/878 932/578/878 949/579/878
f 952/580/879 907/581/879 934/582/879
f 942/571/880 907/583/880 945/571/880
f 933/584/881 908/585/881 935/586/881
f 906/564/882 910/564/882 912/564/882
f 911/574/883 948/587/883 947/588/883
f 946/589/884 912/590/884 948/591/884
f 904/592/885 913/593/885 911/594/885
f 944/575/886 911/574/886 947/588/886
f 915/595/887 929/596/887 928/597/887
f 926/598/888 937/599/888 938/600/888
f 930/601/889 920/602/889 931/603/889
f 929/596/890 919/604/890 931/603/890
f 923/563/891 831/605/891 855/606/891
f 925/607/892 833/608/892 854/607/892
f 924/547/893 830/609/893 853/547/893
f 924/547/894 832/610/894 900/610/894
f 925/607/895 831/570/895 899/570/895
f 920/602/896 929/596/896 931/603/896
f 918/573/897 931/603/897 919/604/897
f 936/611/898 926/598/898 938/600/898
f 916/612/899 929/596/899 917/562/899
f 902/613/900 950/576/900 941/614/900
f 921/615/901 927/572/901 902/613/901
f 901/608/902 951/569/902 943/616/902
f 898/564/903 855/606/903 830/564/903
f 933/584/904 909/594/904 904/592/904
f 952/580/905 906/617/905 946/589/905
f 923/563/906 907/618/906 899/619/906
f 941/620/907 932/578/907 902/621/907
f 901/622/908 852/559/908 833/622/908
f 919/604/909 939/566/909 918/623/909
f 916/612/910 938/600/910 928/597/910
f 938/600/911 915/595/911 928/597/911
f 933/584/912 937/568/912 905/624/912
f 904/592/913 939/566/913 933/584/913
f 940/560/914 920/602/914 921/625/914
f 903/626/915 940/560/915 932/578/915
f 902/621/916 940/560/916 921/625/916
f 900/558/917 949/579/917 941/620/917
f 935/586/918 946/589/918 909/594/918
f 903/627/919 951/569/919 926/598/919
f 941/614/920 924/547/920 900/610/920
f 944/575/921 910/628/921 898/550/921
f 946/589/922 913/593/922 909/594/922
f 947/588/923 912/609/923 910/628/923
f 942/571/924 908/629/924 905/630/924
f 908/585/925 952/580/925 935/586/925
f 922/559/926 943/577/926 949/579/926
f 924/547/927 944/575/927 898/550/927
f 926/598/928 942/571/928 905/630/928
f 967/460/929 1009/462/929 1000/458/929
f 1000/458/930 978/463/930 965/461/930
f 979/464/931 978/463/931 1009/462/931
f 959/465/932 1009/462/932 995/459/932
f 1004/467/933 1008/466/933 972/468/933
f 1010/470/934 970/469/934 1008/466/934
f 974/472/935 984/471/935 1010/470/935
f 953/473/936 1010/470/936 1004/467/936
f 999/476/937 995/477/937 967/474/937
f 1011/475/938 959/465/938 995/477/938
f 983/479/939 980/478/939 1011/475/939
f 966/480/940 1011/475/940 999/476/940
f 971/483/941 1012/485/941 1003/481/941
f 1003/481/942 975/484/942 956/631/942
f 1012/485/943 954/486/943 975/484/943
f 1007/482/944 984/487/944 1012/485/944
f 998/491/945 993/492/945 965/489/945
f 1013/490/946 962/551/946 993/492/946
f 988/495/947 989/493/947 1013/490/947
f 968/496/948 1013/490/948 998/491/948
f 1006/499/949 1001/501/949 969/497/949
f 1014/498/950 961/500/950 1001/501/950
f 987/503/951 990/502/951 1014/498/951
f 972/504/952 1014/498/952 1006/499/952
f 966/505/953 1015/506/953 997/509/953
f 997/509/954 988/510/954 968/508/954
f 1015/506/955 964/557/955 988/510/955
f 994/507/956 991/511/956 1015/506/956
f 1001/514/957 1005/513/957 969/515/957
f 1005/513/958 986/516/958 971/632/958
f 1016/517/959 962/518/959 986/516/959
f 1001/514/960 992/519/960 1016/517/960
f 957/521/961 1017/522/961 982/524/961
f 982/524/962 996/525/962 958/531/962
f 1017/522/963 968/508/963 996/525/963
f 983/523/964 997/509/964 1017/522/964
f 981/528/965 978/529/965 960/526/965
f 1018/527/966 965/489/966 978/529/966
f 996/530/967 998/491/967 1018/527/967
f 958/531/968 1018/527/968 981/528/968
f 990/502/969 985/532/969 961/500/969
f 1019/533/970 967/474/970 985/532/970
f 994/534/971 999/476/971 1019/533/971
f 963/535/972 1019/533/972 990/502/972
f 961/520/973 1020/536/973 992/519/973
f 992/519/974 993/538/974 962/518/974
f 1020/536/975 965/461/975 993/538/975
f 985/537/976 1000/458/976 1020/536/976
f 977/540/977 976/539/977 955/541/977
f 1021/543/978 956/542/978 976/539/978
f 1005/513/979 1003/544/979 1021/543/979
f 969/515/980 1021/543/980 977/540/980
f 955/545/981 1022/546/981 977/548/981
f 977/548/982 1006/499/982 969/497/982
f 1022/546/983 972/504/983 1006/499/983
f 973/547/984 1004/549/984 1022/546/984
f 989/493/985 986/553/985 962/551/985
f 1023/552/986 971/483/986 986/553/986
f 1002/554/987 1007/482/987 1023/552/987
f 964/494/988 1023/552/988 989/493/988
f 963/512/989 1024/555/989 991/511/989
f 991/511/990 1002/633/990 964/557/990
f 1024/555/991 970/469/991 1002/633/991
f 987/556/992 1008/466/992 1024/555/992
f 979/559/993 1027/558/993 1049/559/993
f 1067/560/994 1043/561/994 1063/634/994
f 1061/565/995 1025/564/995 1050/563/995
f 1066/566/996 1042/567/996 1041/635/996
f 1069/571/997 1052/607/997 1078/569/997
f 1054/572/998 1045/573/998 1057/601/998
f 1071/575/999 1054/572/999 1077/576/999
f 1076/579/1000 1030/626/1000 1070/577/1000
f 1079/580/1001 1034/581/1001 1072/636/1001
f 1069/571/1002 1034/583/1002 1026/570/1002
f 1060/584/1003 1035/585/1003 1032/624/1003
f 1033/564/1004 1037/564/1004 1025/564/1004
f 1075/587/1005 1038/574/1005 1074/588/1005
f 1073/589/1006 1039/590/1006 1033/617/1006
f 1031/592/1007 1040/593/1007 1036/594/1007
f 1071/575/1008 1038/574/1008 1031/574/1008
f 1056/596/1009 1042/595/1009 1055/597/1009
f 1064/599/1010 1053/598/1010 1065/600/1010
f 1058/603/1011 1048/615/1011 1057/601/1011
f 1046/604/1012 1056/596/1012 1058/603/1012
f 1050/563/1013 958/605/1013 1026/619/1013
f 1052/607/1014 960/608/1014 1028/608/1014
f 1051/547/1015 957/609/1015 1025/550/1015
f 959/610/1016 1051/547/1016 1027/610/1016
f 958/570/1017 1052/607/1017 1026/570/1017
f 1047/602/1018 1056/596/1018 1044/562/1018
f 1045/573/1019 1058/603/1019 1057/601/1019
f 1065/600/1020 1030/627/1020 1063/611/1020
f 1043/612/1021 1056/596/1021 1055/597/1021
f 1077/576/1022 1029/613/1022 1068/614/1022
f 1054/572/1023 1048/615/1023 1029/613/1023
f 1078/569/1024 1028/608/1024 1070/616/1024
f 1025/564/1025 982/606/1025 1050/563/1025
f 1036/594/1026 1060/584/1026 1031/592/1026
f 1033/617/1027 1079/580/1027 1073/589/1027
f 1034/618/1028 1050/563/1028 1026/619/1028
f 1068/620/1029 1059/578/1029 1076/579/1029
f 1028/622/1030 979/559/1030 1049/559/1030
f 1066/566/1031 1046/604/1031 1045/623/1031
f 1043/612/1032 1065/600/1032 1063/611/1032
f 1042/595/1033 1065/600/1033 1055/597/1033
f 1060/584/1034 1064/568/1034 1066/566/1034
f 1031/592/1035 1066/566/1035 1045/623/1035
f 1047/602/1036 1067/560/1036 1048/625/1036
f 1067/560/1037 1030/626/1037 1059/578/1037
f 1029/621/1038 1067/560/1038 1059/578/1038
f 1027/558/1039 1076/579/1039 1049/559/1039
f 1073/589/1040 1062/586/1040 1036/594/1040
f 1053/598/1041 1070/616/1041 1030/627/1041
f 1051/547/1042 1068/614/1042 1027/610/1042
f 1037/628/1043 1071/575/1043 1025/550/1043
f 1040/593/1044 1073/589/1044 1036/594/1044
f 1039/609/1045 1074/588/1045 1037/628/1045
f 1035/629/1046 1069/571/1046 1032/630/1046
f 1079/580/1047 1035/585/1047 1062/586/1047
f 1049/559/1048 1070/577/1048 1028/622/1048
f 1051/547/1049 1071/575/1049 1077/576/1049
f 1053/598/1050 1069/571/1050 1078/569/1050
f 421/144/1619 182/395/1619 181/145/1619
f 427/147/1620 422/151/1620 177/148/1620
f 423/150/1621 180/152/1621 177/148/1621
f 426/146/1622 181/145/1622 180/152/1622
f 424/153/1623 178/156/1623 410/154/1623
f 424/153/1624 427/147/1624 179/149/1624
f 208/194/1651 231/264/1651 241/195/1651
f 282/197/1652 218/300/1652 209/198/1652
f 257/200/1653 214/217/1653 287/201/1653
f 222/196/1654 241/195/1654 236/203/1654
f 300/205/1655 291/219/1655 207/206/1655
f 226/208/1656 222/196/1656 212/204/1656
f 295/210/1657 290/226/1657 244/211/1657
f 224/213/1658 216/457/1658 258/214/1658
f 299/216/1659 293/336/1659 214/217/1659
f 294/218/1660 219/304/1660 207/206/1660
f 223/220/1661 225/237/1661 221/221/1661
f 292/223/1662 295/210/1662 243/212/1662
f 296/225/1663 248/263/1663 244/211/1663
f 259/227/1664 218/300/1664 282/197/1664
f 223/220/1665 213/222/1665 285/229/1665
f 256/231/1666 262/302/1666 239/232/1666
f 357/234/1667 356/245/1667 229/235/1667
f 209/198/1668 218/300/1668 225/237/1668
f 211/238/1669 224/213/1669 260/215/1669
f 217/233/1670 208/194/1670 222/196/1670
f 239/232/1671 231/264/1671 208/194/1671
f 207/206/1672 219/304/1672 284/239/1672
f 359/240/1673 357/234/1673 227/236/1673
f 358/242/1674 228/736/1674 205/243/1674
f 361/244/1675 205/243/1675 229/235/1675
f 279/246/1676 344/309/1676 390/247/1676
f 251/249/1677 301/343/1677 441/250/1677
f 374/252/1678 233/374/1678 263/253/1678
f 442/255/1679 342/373/1679 273/256/1679
f 387/258/1680 378/346/1680 235/259/1680
f 430/261/1681 434/295/1681 247/262/1681
f 433/251/1682 241/195/1682 231/264/1682
f 209/198/1683 223/220/1683 281/230/1683
f 312/266/1684 313/267/1684 243/212/1684
f 313/267/1685 314/456/1685 245/224/1685
f 316/268/1686 247/262/1686 265/269/1686
f 317/271/1687 248/263/1687 247/262/1687
f 317/271/1688 312/266/1688 244/211/1688
f 377/272/1689 238/306/1689 230/273/1689
f 375/275/1690 251/249/1690 255/276/1690
f 428/277/1691 249/289/1691 255/276/1691
f 340/278/1692 341/371/1692 272/279/1692
f 439/281/1693 429/345/1693 252/282/1693
f 236/203/1694 241/195/1694 306/284/1694
f 432/286/1695 250/384/1695 267/287/1695
f 435/288/1696 267/287/1696 249/289/1696
f 318/270/1698 265/269/1698 246/293/1698
f 434/295/1699 436/372/1699 265/269/1699
f 360/298/1701 359/240/1701 261/241/1701
f 218/300/1702 259/227/1702 260/215/1702
f 210/301/1703 234/427/1703 262/302/1703
f 286/303/1704 211/238/1704 259/227/1704
f 299/216/1705 257/200/1705 219/304/1705
f 225/237/1706 260/215/1706 258/214/1706
f 219/304/1707 257/200/1707 289/202/1707
f 437/305/1708 271/280/1708 272/279/1708
f 382/254/1709 263/253/1709 238/306/1709
f 343/307/1710 269/380/1710 268/308/1710
f 383/310/1711 270/426/1711 273/256/1711
f 444/312/1712 274/338/1712 240/313/1712
f 390/247/1713 344/309/1713 268/308/1713
f 445/315/1714 446/319/1714 254/316/1714
f 447/318/1715 278/379/1715 254/316/1715
f 443/314/1716 240/313/1716 279/246/1716
f 450/321/1717 445/315/1717 276/317/1717
f 346/323/1718 284/239/1718 289/202/1718
f 354/325/1719 286/303/1719 288/228/1719
f 280/199/1720 281/230/1720 345/327/1720
f 352/329/1721 283/207/1721 284/239/1721
f 281/230/1722 285/229/1722 353/330/1722
f 348/326/1723 288/228/1723 282/197/1723
f 300/205/1724 283/207/1724 352/329/1724
f 349/324/1725 289/202/1725 287/201/1725
f 351/331/1726 282/197/1726 280/199/1726
f 353/330/1727 285/229/1727 300/205/1727
f 258/214/1728 299/216/1728 294/218/1728
f 439/281/1729 298/283/1729 276/317/1729
f 448/320/1730 279/246/1730 381/248/1730
f 212/204/1731 236/203/1731 296/225/1731
f 215/335/1732 220/209/1732 295/210/1732
f 213/222/1733 221/221/1733 294/218/1733
f 258/214/1734 216/457/1734 293/336/1734
f 220/209/1735 212/204/1735 290/226/1735
f 285/229/1736 213/222/1736 291/219/1736
f 440/337/1737 305/285/1737 306/284/1737
f 379/322/1738 387/258/1738 297/260/1738
f 242/339/1739 235/259/1739 303/340/1739
f 389/342/1740 304/425/1740 301/343/1740
f 429/345/1741 236/203/1741 305/285/1741
f 252/282/1742 304/425/1742 389/342/1742
f 339/349/1747 334/368/1747 323/350/1747
f 330/352/1748 321/369/1748 320/353/1748
f 338/355/1749 318/270/1749 315/294/1749
f 332/357/1750 336/363/1750 324/358/1750
f 327/360/1751 332/357/1751 322/359/1751
f 326/362/1752 331/367/1752 313/267/1752
f 336/363/1753 339/349/1753 325/351/1753
f 333/364/1754 317/271/1754 316/268/1754
f 328/366/1755 314/456/1755 313/267/1755
f 333/364/1756 326/362/1756 312/266/1756
f 337/365/1757 316/268/1757 318/270/1757
f 331/367/1758 326/362/1758 327/360/1758
f 331/367/1759 330/352/1759 329/354/1759
f 339/349/1760 336/363/1760 337/365/1760
f 336/363/1761 332/357/1761 333/364/1761
f 332/357/1762 327/360/1762 326/362/1762
f 334/368/1763 339/349/1763 338/355/1763
f 327/360/1764 319/361/1764 321/369/1764
f 237/370/1765 343/307/1765 344/309/1765
f 246/293/1766 265/269/1766 341/371/1766
f 436/372/1767 278/379/1767 342/373/1767
f 353/330/1768 355/332/1768 297/260/1768
f 351/331/1769 350/328/1769 230/273/1769
f 349/324/1770 347/333/1770 237/370/1770
f 355/332/1771 352/329/1771 274/338/1771
f 348/326/1772 351/331/1772 238/306/1772
f 345/327/1773 353/330/1773 235/259/1773
f 274/338/1774 352/329/1774 346/323/1774
f 230/273/1775 350/328/1775 345/327/1775
f 354/325/1776 348/326/1776 263/253/1776
f 346/323/1777 349/324/1777 279/246/1777
f 375/275/1778 242/339/1778 302/341/1778
f 210/301/1779 256/231/1779 359/240/1779
f 226/208/1780 220/209/1780 361/244/1780
f 215/335/1781 358/242/1781 361/244/1781
f 256/231/1782 217/233/1782 357/234/1782
f 217/233/1783 226/208/1783 356/245/1783
f 251/249/1794 375/275/1794 388/344/1794
f 378/346/1795 389/342/1795 303/340/1795
f 303/340/1796 389/342/1796 388/344/1796
f 298/283/1797 387/258/1797 379/322/1797
f 447/318/1798 449/334/1798 381/248/1798
f 450/321/1799 379/322/1799 274/338/1799
f 342/373/1800 390/247/1800 384/311/1800
f 269/380/1801 383/310/1801 384/311/1801
f 267/287/1802 382/254/1802 377/272/1802
f 242/339/1805 375/275/1805 380/274/1805
f 249/289/1806 377/272/1806 380/274/1806
f 252/282/1807 378/346/1807 387/258/1807
f 250/384/1808 374/252/1808 382/254/1808
f 278/379/1809 381/248/1809 390/247/1809
f 425/155/1822 410/154/1822 182/395/1822
f 1476/418/1840 425/155/1840 421/144/1840
f 1475/420/1841 1471/424/1841 427/147/1841
f 1476/418/1842 1475/420/1842 424/153/1842
f 1470/421/1843 426/146/1843 423/150/1843
f 1473/423/1844 1474/422/1844 423/150/1844
f 1471/424/1845 1473/423/1845 422/151/1845
f 1472/419/1846 421/144/1846 426/146/1846
f 265/269/1847 436/372/1847 442/255/1847
f 252/282/1848 429/345/1848 440/337/1848
f 304/425/1849 440/337/1849 441/250/1849
f 248/263/1850 296/225/1850 439/281/1850
f 270/426/1851 437/305/1851 438/257/1851
f 278/379/1852 436/372/1852 434/295/1852
f 262/302/1853 435/288/1853 428/277/1853
f 234/427/1854 432/286/1854 435/288/1854
f 296/225/1855 236/203/1855 429/345/1855
f 239/232/1856 428/277/1856 431/265/1856
f 251/249/1857 433/251/1857 431/265/1857
f 254/316/1858 434/295/1858 430/261/1858
f 341/371/1859 442/255/1859 438/257/1859
f 433/251/1860 441/250/1860 306/284/1860
f 492/428/1861 450/321/1861 444/312/1861
f 493/430/1862 449/334/1862 447/318/1862
f 491/432/1863 448/320/1863 449/334/1863
f 492/428/1864 489/434/1864 445/315/1864
f 491/432/1865 487/435/1865 443/314/1865
f 490/431/1866 447/318/1866 446/319/1866
f 489/434/1867 488/433/1867 446/319/1867
f 487/435/1868 486/429/1868 444/312/1868
f 557/145/1972 558/395/1972 755/144/1972
f 761/147/1973 555/149/1973 553/148/1973
f 553/148/1974 556/152/1974 757/150/1974
f 556/152/1975 557/145/1975 760/146/1975
f 744/154/1976 554/156/1976 758/153/1976
f 758/153/1977 554/156/1977 555/149/1977
f 583/194/2004 592/196/2004 606/195/2004
f 641/197/2005 639/199/2005 584/198/2005
f 287/201/2006 214/217/2006 619/200/2006
f 592/196/2007 585/204/2007 602/203/2007
f 655/205/2008 642/207/2008 582/206/2008
f 595/208/2009 590/209/2009 585/204/2009
f 650/210/2010 608/212/2010 609/211/2010
f 620/214/2011 216/457/2011 224/213/2011
f 654/216/2012 619/200/2012 214/217/2012
f 582/206/2013 589/304/2013 649/218/2013
f 593/220/2014 586/222/2014 591/221/2014
f 292/223/2015 245/224/2015 608/212/2015
f 609/211/2016 611/263/2016 651/225/2016
f 641/197/2017 588/300/2017 621/227/2017
f 644/229/2018 586/222/2018 593/220/2018
f 618/231/2019 587/233/2019 604/232/2019
f 698/234/2020 596/236/2020 597/235/2020
f 584/198/2021 593/220/2021 594/237/2021
f 622/215/2022 224/213/2022 211/238/2022
f 587/233/2023 595/208/2023 592/196/2023
f 583/194/2024 599/264/2024 604/232/2024
f 643/239/2025 589/304/2025 582/206/2025
f 699/240/2026 623/241/2026 596/236/2026
f 581/243/2027 228/736/2027 358/242/2027
f 697/245/2028 597/235/2028 581/243/2028
f 724/247/2029 687/309/2029 638/246/2029
f 773/250/2030 656/343/2030 613/249/2030
f 717/254/2031 625/253/2031 233/374/2031
f 774/255/2032 770/257/2032 632/256/2032
f 721/258/2033 652/260/2033 601/259/2033
f 764/261/2034 611/263/2034 610/262/2034
f 599/264/2035 606/195/2035 766/251/2035
f 640/230/2036 593/220/2036 584/198/2036
f 665/266/2037 609/211/2037 608/212/2037
f 666/267/2038 608/212/2038 245/224/2038
f 627/269/2039 610/262/2039 667/268/2039
f 610/262/2040 611/263/2040 668/271/2040
f 668/271/2041 611/263/2041 609/211/2041
f 598/273/2042 603/306/2042 712/272/2042
f 617/276/2043 613/249/2043 710/275/2043
f 617/276/2044 612/289/2044 762/277/2044
f 340/278/2045 271/280/2045 631/279/2045
f 771/281/2046 653/283/2046 614/282/2046
f 602/203/2047 660/285/2047 661/284/2047
f 768/288/2048 629/287/2048 250/384/2048
f 762/277/2049 612/289/2049 629/287/2049
f 246/293/2051 627/269/2051 669/270/2051
f 767/295/2052 610/262/2052 627/269/2052
f 360/298/2054 206/299/2054 623/241/2054
f 588/300/2055 594/237/2055 622/215/2055
f 210/301/2056 618/231/2056 624/302/2056
f 286/303/2057 645/228/2057 621/227/2057
f 589/304/2058 619/200/2058 654/216/2058
f 594/237/2059 591/221/2059 620/214/2059
f 646/202/2060 619/200/2060 589/304/2060
f 631/279/2061 271/280/2061 437/305/2061
f 712/272/2062 603/306/2062 625/253/2062
f 630/308/2063 269/380/2063 343/307/2063
f 632/256/2064 270/426/2064 383/310/2064
f 605/313/2065 633/338/2065 776/312/2065
f 724/247/2066 718/311/2066 630/308/2066
f 777/315/2067 635/317/2067 616/316/2067
f 616/316/2068 637/379/2068 779/318/2068
f 638/246/2069 605/313/2069 775/314/2069
f 782/321/2070 714/322/2070 635/317/2070
f 689/323/2071 691/324/2071 646/202/2071
f 354/325/2072 690/326/2072 645/228/2072
f 688/327/2073 640/230/2073 639/199/2073
f 694/329/2074 689/323/2074 643/239/2074
f 695/330/2075 644/229/2075 640/230/2075
f 690/326/2076 693/331/2076 641/197/2076
f 694/329/2077 642/207/2077 655/205/2077
f 691/324/2078 347/333/2078 287/201/2078
f 693/331/2079 692/328/2079 639/199/2079
f 695/330/2080 696/332/2080 655/205/2080
f 649/218/2081 654/216/2081 620/214/2081
f 635/317/2082 653/283/2082 771/281/2082
f 716/248/2083 638/246/2083 780/320/2083
f 585/204/2084 647/226/2084 651/225/2084
f 215/335/2085 292/223/2085 650/210/2085
f 586/222/2086 648/219/2086 649/218/2086
f 620/214/2087 654/216/2087 293/336/2087
f 590/209/2088 650/210/2088 647/226/2088
f 644/229/2089 655/205/2089 648/219/2089
f 661/284/2090 660/285/2090 772/337/2090
f 714/322/2091 633/338/2091 652/260/2091
f 607/339/2092 657/341/2092 658/340/2092
f 656/343/2093 659/425/2093 723/342/2093
f 763/345/2094 772/337/2094 660/285/2094
f 723/342/2095 659/425/2095 614/282/2095
f 684/349/2100 674/351/2100 323/350/2100
f 320/353/2101 671/369/2101 677/352/2101
f 315/294/2102 669/270/2102 683/355/2102
f 679/357/2103 672/359/2103 673/358/2103
f 676/360/2104 670/361/2104 672/359/2104
f 675/362/2105 665/266/2105 666/267/2105
f 681/363/2106 673/358/2106 674/351/2106
f 667/268/2107 668/271/2107 680/364/2107
f 666/267/2108 314/456/2108 328/366/2108
f 680/364/2109 668/271/2109 665/266/2109
f 669/270/2110 667/268/2110 682/365/2110
f 678/367/2111 677/352/2111 676/360/2111
f 329/354/2112 677/352/2112 678/367/2112
f 684/349/2113 683/355/2113 682/365/2113
f 681/363/2114 682/365/2114 680/364/2114
f 679/357/2115 680/364/2115 675/362/2115
f 334/368/2116 335/356/2116 683/355/2116
f 671/369/2117 670/361/2117 676/360/2117
f 687/309/2118 343/307/2118 237/370/2118
f 246/293/2119 340/278/2119 685/371/2119
f 769/372/2120 774/255/2120 686/373/2120
f 652/260/2121 696/332/2121 695/330/2121
f 598/273/2122 692/328/2122 693/331/2122
f 237/370/2123 347/333/2123 691/324/2123
f 633/338/2124 694/329/2124 696/332/2124
f 603/306/2125 693/331/2125 690/326/2125
f 601/259/2126 695/330/2126 688/327/2126
f 633/338/2127 605/313/2127 689/323/2127
f 598/273/2128 607/339/2128 688/327/2128
f 625/253/2129 690/326/2129 354/325/2129
f 638/246/2130 691/324/2130 689/323/2130
f 710/275/2131 722/344/2131 657/341/2131
f 360/298/2132 699/240/2132 618/231/2132
f 595/208/2133 697/245/2133 700/244/2133
f 590/209/2134 700/244/2134 358/242/2134
f 618/231/2135 699/240/2135 698/234/2135
f 587/233/2136 698/234/2136 697/245/2136
f 613/249/2147 656/343/2147 722/344/2147
f 658/340/2148 723/342/2148 713/346/2148
f 722/344/2149 723/342/2149 658/340/2149
f 714/322/2150 721/258/2150 653/283/2150
f 779/318/2151 637/379/2151 716/248/2151
f 633/338/2152 714/322/2152 782/321/2152
f 686/373/2153 632/256/2153 718/311/2153
f 718/311/2154 383/310/2154 269/380/2154
f 612/289/2155 712/272/2155 717/254/2155
f 715/274/2158 710/275/2158 607/339/2158
f 715/274/2159 712/272/2159 612/289/2159
f 721/258/2160 713/346/2160 614/282/2160
f 629/287/2161 717/254/2161 374/252/2161
f 637/379/2162 686/373/2162 724/247/2162
f 558/395/2175 744/154/2175 759/155/2175
f 1479/419/2193 755/144/2193 759/155/2193
f 1482/420/2194 758/153/2194 761/147/2194
f 759/155/2195 758/153/2195 1482/420/2195
f 757/150/2196 760/146/2196 1477/421/2196
f 756/151/2197 757/150/2197 1481/422/2197
f 1478/424/2198 761/147/2198 756/151/2198
f 760/146/2199 755/144/2199 1479/419/2199
f 627/269/2200 685/371/2200 774/255/2200
f 614/282/2201 659/425/2201 772/337/2201
f 773/250/2202 772/337/2202 659/425/2202
f 611/263/2203 764/261/2203 771/281/2203
f 770/257/2204 437/305/2204 270/426/2204
f 767/295/2205 769/372/2205 637/379/2205
f 762/277/2206 768/288/2206 624/302/2206
f 624/302/2207 768/288/2207 432/286/2207
f 651/225/2208 771/281/2208 763/345/2208
f 765/265/2209 762/277/2209 604/232/2209
f 765/265/2210 766/251/2210 613/249/2210
f 764/261/2211 767/295/2211 616/316/2211
f 685/371/2212 631/279/2212 770/257/2212
f 661/284/2213 773/250/2213 766/251/2213
f 776/312/2214 782/321/2214 824/428/2214
f 779/318/2215 781/334/2215 825/430/2215
f 781/334/2216 780/320/2216 823/432/2216
f 824/428/2217 782/321/2217 777/315/2217
f 823/432/2218 780/320/2218 775/314/2218
f 778/319/2219 779/318/2219 822/431/2219
f 821/434/2220 777/315/2220 778/319/2220
f 819/435/2221 775/314/2221 776/312/2221
f 873/458/2259 882/462/2259 868/459/2259
f 838/461/2260 851/463/2260 882/462/2260
f 851/463/2261 833/526/2261 852/464/2261
f 882/462/2262 852/464/2262 832/465/2262
f 881/466/2263 883/470/2263 877/467/2263
f 843/469/2264 857/471/2264 883/470/2264
f 857/471/2265 827/642/2265 847/472/2265
f 883/470/2266 847/472/2266 826/473/2266
f 840/474/2267 868/477/2267 884/475/2267
f 868/477/2268 832/465/2268 853/478/2268
f 853/478/2269 830/521/2269 856/479/2269
f 884/475/2270 856/479/2270 839/480/2270
f 876/481/2271 885/485/2271 880/482/2271
f 876/481/2272 829/631/2272 848/484/2272
f 885/485/2273 848/484/2273 827/486/2273
f 885/485/2274 857/487/2274 843/488/2274
f 838/489/2275 866/492/2275 886/490/2275
f 866/492/2276 835/551/2276 862/493/2276
f 886/490/2277 862/493/2277 837/494/2277
f 871/491/2278 886/490/2278 861/495/2278
f 842/497/2279 874/501/2279 887/498/2279
f 834/500/2280 863/502/2280 887/498/2280
f 863/502/2281 836/535/2281 860/503/2281
f 879/499/2282 887/498/2282 860/503/2282
f 839/505/2283 870/509/2283 888/506/2283
f 841/508/2284 861/510/2284 888/506/2284
f 861/510/2285 837/557/2285 864/511/2285
f 867/507/2286 888/506/2286 864/511/2286
f 878/513/2287 889/517/2287 874/514/2287
f 878/513/2288 844/632/2288 859/516/2288
f 889/517/2289 859/516/2289 835/518/2289
f 874/514/2290 889/517/2290 865/519/2290
f 830/521/2291 855/524/2291 890/522/2291
f 855/524/2292 831/531/2292 869/525/2292
f 890/522/2293 869/525/2293 841/508/2293
f 856/523/2294 890/522/2294 870/509/2294
f 833/526/2295 851/529/2295 891/527/2295
f 838/489/2296 871/491/2296 891/527/2296
f 871/491/2297 841/496/2297 869/530/2297
f 891/527/2298 869/530/2298 831/531/2298
f 858/532/2299 892/533/2299 863/502/2299
f 840/474/2300 872/476/2300 892/533/2300
f 872/476/2301 839/480/2301 867/534/2301
f 892/533/2302 867/534/2302 836/535/2302
f 834/520/2303 865/519/2303 893/536/2303
f 865/519/2304 835/518/2304 866/538/2304
f 893/536/2305 866/538/2305 838/461/2305
f 858/537/2306 893/536/2306 873/458/2306
f 849/539/2307 894/543/2307 850/540/2307
f 829/542/2308 876/544/2308 894/543/2308
f 876/544/2309 844/632/2309 878/513/2309
f 894/543/2310 878/513/2310 842/515/2310
f 828/545/2311 850/548/2311 895/546/2311
f 850/548/2312 842/497/2312 879/499/2312
f 895/546/2313 879/499/2313 845/504/2313
f 846/547/2314 895/546/2314 877/549/2314
f 835/551/2315 859/553/2315 896/552/2315
f 859/553/2316 844/483/2316 880/482/2316
f 896/552/2317 880/482/2317 843/488/2317
f 862/493/2318 896/552/2318 875/554/2318
f 836/512/2319 864/511/2319 897/555/2319
f 837/557/2320 875/633/2320 897/555/2320
f 897/555/2321 875/633/2321 843/469/2321
f 897/555/2322 881/466/2322 845/468/2322
f 900/558/2323 832/558/2323 852/559/2323
f 940/560/2324 936/634/2324 916/561/2324
f 923/563/2325 898/564/2325 906/564/2325
f 939/566/2326 914/635/2326 915/567/2326
f 951/569/2327 925/607/2327 899/570/2327
f 927/572/2328 930/601/2328 918/573/2328
f 927/572/2329 904/574/2329 944/575/2329
f 943/577/2330 903/626/2330 932/578/2330
f 952/580/2331 945/636/2331 907/581/2331
f 942/571/2332 899/570/2332 907/583/2332
f 933/584/2333 905/624/2333 908/585/2333
f 906/564/2334 898/564/2334 910/564/2334
f 911/574/2335 913/574/2335 948/587/2335
f 946/589/2336 906/617/2336 912/590/2336
f 904/592/2337 909/594/2337 913/593/2337
f 944/575/2338 904/574/2338 911/574/2338
f 915/595/2339 914/635/2339 929/596/2339
f 926/598/2340 905/630/2340 937/599/2340
f 930/601/2341 921/615/2341 920/602/2341
f 929/596/2342 914/635/2342 919/604/2342
f 923/563/2343 899/619/2343 831/605/2343
f 925/607/2344 901/608/2344 833/608/2344
f 924/547/2345 898/550/2345 830/609/2345
f 924/547/2346 853/547/2346 832/610/2346
f 925/607/2347 854/607/2347 831/570/2347
f 920/602/2348 917/562/2348 929/596/2348
f 918/573/2349 930/601/2349 931/603/2349
f 936/611/2350 903/627/2350 926/598/2350
f 916/612/2351 928/597/2351 929/596/2351
f 902/613/2352 927/572/2352 950/576/2352
f 921/615/2353 930/601/2353 927/572/2353
f 901/608/2354 925/607/2354 951/569/2354
f 898/564/2355 923/563/2355 855/606/2355
f 933/584/2356 935/586/2356 909/594/2356
f 952/580/2357 934/582/2357 906/617/2357
f 923/563/2358 934/565/2358 907/618/2358
f 941/620/2359 949/579/2359 932/578/2359
f 901/622/2360 922/559/2360 852/559/2360
f 919/604/2361 914/635/2361 939/566/2361
f 916/612/2362 936/611/2362 938/600/2362
f 938/600/2363 937/599/2363 915/595/2363
f 933/584/2364 939/566/2364 937/568/2364
f 904/592/2365 918/623/2365 939/566/2365
f 940/560/2366 917/562/2366 920/602/2366
f 903/626/2367 936/634/2367 940/560/2367
f 902/621/2368 932/578/2368 940/560/2368
f 900/558/2369 922/559/2369 949/579/2369
f 935/586/2370 952/580/2370 946/589/2370
f 903/627/2371 943/616/2371 951/569/2371
f 941/614/2372 950/576/2372 924/547/2372
f 944/575/2373 947/588/2373 910/628/2373
f 946/589/2374 948/591/2374 913/593/2374
f 947/588/2375 948/587/2375 912/609/2375
f 942/571/2376 945/571/2376 908/629/2376
f 908/585/2377 945/636/2377 952/580/2377
f 922/559/2378 901/622/2378 943/577/2378
f 924/547/2379 950/576/2379 944/575/2379
f 926/598/2380 951/569/2380 942/571/2380
f 967/460/2381 995/459/2381 1009/462/2381
f 1000/458/2382 1009/462/2382 978/463/2382
f 979/464/2383 960/526/2383 978/463/2383
f 959/465/2384 979/464/2384 1009/462/2384
f 1004/467/2385 1010/470/2385 1008/466/2385
f 1010/470/2386 984/471/2386 970/469/2386
f 974/472/2387 954/642/2387 984/471/2387
f 953/473/2388 974/472/2388 1010/470/2388
f 999/476/2389 1011/475/2389 995/477/2389
f 1011/475/2390 980/478/2390 959/465/2390
f 983/479/2391 957/521/2391 980/478/2391
f 966/480/2392 983/479/2392 1011/475/2392
f 971/483/2393 1007/482/2393 1012/485/2393
f 1003/481/2394 1012/485/2394 975/484/2394
f 1012/485/2395 984/487/2395 954/486/2395
f 1007/482/2396 970/488/2396 984/487/2396
f 998/491/2397 1013/490/2397 993/492/2397
f 1013/490/2398 989/493/2398 962/551/2398
f 988/495/2399 964/494/2399 989/493/2399
f 968/496/2400 988/495/2400 1013/490/2400
f 1006/499/2401 1014/498/2401 1001/501/2401
f 1014/498/2402 990/502/2402 961/500/2402
f 987/503/2403 963/535/2403 990/502/2403
f 972/504/2404 987/503/2404 1014/498/2404
f 966/505/2405 994/507/2405 1015/506/2405
f 997/509/2406 1015/506/2406 988/510/2406
f 1015/506/2407 991/511/2407 964/557/2407
f 994/507/2408 963/512/2408 991/511/2408
f 1001/514/2409 1016/517/2409 1005/513/2409
f 1005/513/2410 1016/517/2410 986/516/2410
f 1016/517/2411 992/519/2411 962/518/2411
f 1001/514/2412 961/520/2412 992/519/2412
f 957/521/2413 983/523/2413 1017/522/2413
f 982/524/2414 1017/522/2414 996/525/2414
f 1017/522/2415 997/509/2415 968/508/2415
f 983/523/2416 966/505/2416 997/509/2416
f 981/528/2417 1018/527/2417 978/529/2417
f 1018/527/2418 998/491/2418 965/489/2418
f 996/530/2419 968/496/2419 998/491/2419
f 958/531/2420 996/530/2420 1018/527/2420
f 990/502/2421 1019/533/2421 985/532/2421
f 1019/533/2422 999/476/2422 967/474/2422
f 994/534/2423 966/480/2423 999/476/2423
f 963/535/2424 994/534/2424 1019/533/2424
f 961/520/2425 985/537/2425 1020/536/2425
f 992/519/2426 1020/536/2426 993/538/2426
f 1020/536/2427 1000/458/2427 965/461/2427
f 985/537/2428 967/460/2428 1000/458/2428
f 977/540/2429 1021/543/2429 976/539/2429
f 1021/543/2430 1003/544/2430 956/542/2430
f 1005/513/2431 971/632/2431 1003/544/2431
f 969/515/2432 1005/513/2432 1021/543/2432
f 955/545/2433 973/547/2433 1022/546/2433
f 977/548/2434 1022/546/2434 1006/499/2434
f 1022/546/2435 1004/549/2435 972/504/2435
f 973/547/2436 953/550/2436 1004/549/2436
f 989/493/2437 1023/552/2437 986/553/2437
f 1023/552/2438 1007/482/2438 971/483/2438
f 1002/554/2439 970/488/2439 1007/482/2439
f 964/494/2440 1002/554/2440 1023/552/2440
f 963/512/2441 987/556/2441 1024/555/2441
f 991/511/2442 1024/555/2442 1002/633/2442
f 1024/555/2443 1008/466/2443 970/469/2443
f 987/556/2444 972/468/2444 1008/466/2444
f 979/559/2445 959/558/2445 1027/558/2445
f 1067/560/2446 1044/562/2446 1043/561/2446
f 1061/565/2447 1033/564/2447 1025/564/2447
f 1066/566/2448 1064/568/2448 1042/567/2448
f 1069/571/2449 1026/570/2449 1052/607/2449
f 1054/572/2450 1031/574/2450 1045/573/2450
f 1071/575/2451 1031/574/2451 1054/572/2451
f 1076/579/2452 1059/578/2452 1030/626/2452
f 1079/580/2453 1061/582/2453 1034/581/2453
f 1069/571/2454 1072/571/2454 1034/583/2454
f 1060/584/2455 1062/586/2455 1035/585/2455
f 1033/564/2456 1039/564/2456 1037/564/2456
f 1075/587/2457 1040/574/2457 1038/574/2457
f 1073/589/2458 1075/591/2458 1039/590/2458
f 1031/592/2459 1038/594/2459 1040/593/2459
f 1071/575/2460 1074/588/2460 1038/574/2460
f 1056/596/2461 1041/635/2461 1042/595/2461
f 1064/599/2462 1032/630/2462 1053/598/2462
f 1058/603/2463 1047/602/2463 1048/615/2463
f 1046/604/2464 1041/635/2464 1056/596/2464
f 1050/563/2465 982/606/2465 958/605/2465
f 1052/607/2466 981/607/2466 960/608/2466
f 1051/547/2467 980/547/2467 957/609/2467
f 959/610/2468 980/547/2468 1051/547/2468
f 958/570/2469 981/607/2469 1052/607/2469
f 1047/602/2470 1058/603/2470 1056/596/2470
f 1045/573/2471 1046/604/2471 1058/603/2471
f 1065/600/2472 1053/598/2472 1030/627/2472
f 1043/612/2473 1044/562/2473 1056/596/2473
f 1077/576/2474 1054/572/2474 1029/613/2474
f 1054/572/2475 1057/601/2475 1048/615/2475
f 1078/569/2476 1052/607/2476 1028/608/2476
f 1025/564/2477 957/564/2477 982/606/2477
f 1036/594/2478 1062/586/2478 1060/584/2478
f 1033/617/2479 1061/582/2479 1079/580/2479
f 1034/618/2480 1061/565/2480 1050/563/2480
f 1068/620/2481 1029/621/2481 1059/578/2481
f 1028/622/2482 960/622/2482 979/559/2482
f 1066/566/2483 1041/635/2483 1046/604/2483
f 1043/612/2484 1055/597/2484 1065/600/2484
f 1042/595/2485 1064/599/2485 1065/600/2485
f 1060/584/2486 1032/624/2486 1064/568/2486
f 1031/592/2487 1060/584/2487 1066/566/2487
f 1047/602/2488 1044/562/2488 1067/560/2488
f 1067/560/2489 1063/634/2489 1030/626/2489
f 1029/621/2490 1048/625/2490 1067/560/2490
f 1027/558/2491 1068/620/2491 1076/579/2491
f 1073/589/2492 1079/580/2492 1062/586/2492
f 1053/598/2493 1078/569/2493 1070/616/2493
f 1051/547/2494 1077/576/2494 1068/614/2494
f 1037/628/2495 1074/588/2495 1071/575/2495
f 1040/593/2496 1075/591/2496 1073/589/2496
f 1039/609/2497 1075/587/2497 1074/588/2497
f 1035/629/2498 1072/571/2498 1069/571/2498
f 1079/580/2499 1072/636/2499 1035/585/2499
f 1049/559/2500 1076/579/2500 1070/577/2500
f 1051/547/2501 1025/550/2501 1071/575/2501
f 1053/598/2502 1032/630/2502 1069/571/2502
g Cube.004_BM_Eyes
usemtl BM_Eyes
f 376/290/245 253/291/245 385/292/245
f 386/296/248 277/297/248 376/290/248
f 264/381/351 376/290/351 275/382/351
f 232/383/352 376/290/352 385/292/352
f 615/291/598 711/290/598 719/292/598
f 636/297/601 720/296/601 711/290/601
f 711/290/704 626/381/704 634/382/704
f 600/383/705 711/290/705 634/382/705
f 376/290/1697 277/297/1697 253/291/1697
f 386/296/1700 266/444/1700 277/297/1700
f 264/381/1803 386/296/1803 376/290/1803
f 232/383/1804 275/382/1804 376/290/1804
f 615/291/2050 636/297/2050 711/290/2050
f 636/297/2053 628/444/2053 720/296/2053
f 711/290/2156 720/296/2156 626/381/2156
f 600/383/2157 719/292/2157 711/290/2157
g Cube.004_BM_Eyes_White
usemtl BM_Eyes_White
f 232/383/446 487/435/446 275/382/446
f 253/291/447 488/433/447 489/434/447
f 266/444/448 488/433/448 277/297/448
f 264/381/449 487/435/449 491/432/449
f 385/292/450 489/434/450 492/428/450
f 386/296/451 490/431/451 266/444/451
f 385/292/452 486/429/452 232/383/452
f 386/296/453 491/432/453 493/430/453
f 819/435/799 600/383/799 634/382/799
f 615/291/800 820/433/800 636/297/800
f 820/433/801 628/444/801 636/297/801
f 626/381/802 819/435/802 634/382/802
f 719/292/803 821/434/803 615/291/803
f 822/431/804 720/296/804 628/444/804
f 818/429/805 719/292/805 600/383/805
f 720/296/806 823/432/806 626/381/806
f 232/383/1898 486/429/1898 487/435/1898
f 253/291/1899 277/297/1899 488/433/1899
f 266/444/1900 490/431/1900 488/433/1900
f 264/381/1901 275/382/1901 487/435/1901
f 385/292/1902 253/291/1902 489/434/1902
f 386/296/1903 493/430/1903 490/431/1903
f 385/292/1904 492/428/1904 486/429/1904
f 386/296/1905 264/381/1905 491/432/1905
f 819/435/2251 818/429/2251 600/383/2251
f 615/291/2252 821/434/2252 820/433/2252
f 820/433/2253 822/431/2253 628/444/2253
f 626/381/2254 823/432/2254 819/435/2254
f 719/292/2255 824/428/2255 821/434/2255
f 822/431/2256 825/430/2256 720/296/2256
f 818/429/2257 824/428/2257 719/292/2257
f 720/296/2258 825/430/2258 823/432/2258
g Cube.004_BM_Low_Poly_Edge_Texture_5
usemtl BM_Low_Poly_Edge_Texture_5
f 1081/619/1051 1089/559/1051 1088/563/1051
f 1101/637/1052 1090/638/1052 1105/639/1052
f 1090/638/1053 1085/531/1053 1091/640/1053
f 1104/641/1054 1081/642/1054 1088/643/1054
f 1086/644/1055 1102/645/1055 1100/646/1055
f 1145/647/1056 1092/640/1056 1141/648/1056
f 1139/649/1057 1091/640/1057 1140/647/1057
f 1105/639/1058 1139/649/1058 1144/650/1058
f 1088/563/1059 1138/651/1059 1134/652/1059
f 1107/641/1060 1099/643/1060 1109/641/1060
f 1121/641/1061 1095/643/1061 1107/641/1061
f 1119/564/1062 1127/653/1062 1132/654/1062
f 1120/645/1063 1093/521/1063 1106/645/1063
f 1109/641/1064 1136/655/1064 1143/656/1064
f 1106/645/1065 1097/521/1065 1108/645/1065
f 1127/653/1066 1098/564/1066 1129/657/1066
f 1092/640/1067 1142/658/1067 1141/648/1067
f 1106/645/1065 1098/628/1065 1094/628/1065
f 1142/658/1068 1109/641/1068 1143/656/1068
f 1119/628/1063 1106/645/1063 1094/628/1063
f 1121/641/1069 1092/640/1069 1116/640/1069
f 1107/641/1070 1096/640/1070 1092/640/1070
f 1089/559/1071 1144/650/1071 1138/651/1071
f 1082/610/1072 1102/645/1072 1080/628/1072
f 1085/531/1073 1104/641/1073 1091/640/1073
f 1083/622/1074 1105/639/1074 1089/559/1074
f 1083/622/1075 1114/637/1075 1101/637/1075
f 1081/619/1076 1111/622/1076 1083/622/1076
f 1103/659/1077 1110/642/1077 1081/642/1077
f 1101/637/1078 1113/660/1078 1087/660/1078
f 1085/531/1079 1113/660/1079 1112/531/1079
f 1103/659/1080 1112/531/1080 1115/659/1080
f 1104/641/1081 1116/640/1081 1091/640/1081
f 1102/645/1082 1119/628/1082 1080/628/1082
f 1084/521/1082 1120/645/1082 1102/645/1082
f 1125/661/1083 1119/564/1083 1132/654/1083
f 1104/641/1084 1118/643/1084 1121/641/1084
f 1091/640/1085 1145/647/1085 1140/647/1085
f 1124/662/1086 1117/521/1086 1084/521/1086
f 1134/652/1087 1132/654/1087 1137/663/1087
f 1122/664/1088 1100/665/1088 1082/558/1088
f 1097/521/1089 1130/666/1089 1108/667/1089
f 1126/668/1090 1097/521/1090 1093/521/1090
f 1135/669/1091 1129/657/1091 1136/670/1091
f 1108/667/1089 1129/671/1089 1098/617/1089
f 1132/654/1092 1135/669/1092 1137/663/1092
f 1125/661/1093 1082/558/1093 1080/564/1093
f 1131/672/1094 1086/644/1094 1100/665/1094
f 1086/644/1095 1124/662/1095 1084/521/1095
f 1117/521/1096 1126/668/1096 1093/521/1096
f 1137/663/1097 1095/563/1097 1118/563/1097
f 1095/563/1098 1136/670/1098 1099/563/1098
f 1134/652/1099 1118/563/1099 1088/563/1099
f 1124/662/1100 1145/647/1100 1133/662/1100
f 1122/664/1101 1144/650/1101 1131/672/1101
f 1142/658/1102 1130/666/1102 1128/673/1102
f 1141/648/1103 1128/673/1103 1126/668/1103
f 1130/666/1102 1136/655/1102 1129/671/1102
f 1134/652/1104 1122/664/1104 1125/661/1104
f 1144/650/1105 1123/674/1105 1131/672/1105
f 1123/674/1106 1140/647/1106 1124/662/1106
f 1133/662/1107 1141/648/1107 1126/668/1107
f 1113/660/1108 1148/531/1108 1112/531/1108
f 1110/619/1109 1147/622/1109 1111/622/1109
f 1112/531/1110 1151/659/1110 1115/659/1110
f 1110/642/1111 1151/659/1111 1146/642/1111
f 1113/660/1112 1150/637/1112 1149/660/1112
f 1111/622/1113 1150/637/1113 1114/637/1113
f 1148/531/1114 1157/659/1114 1151/659/1114
f 1151/659/1115 1152/642/1115 1146/642/1115
f 1149/660/1116 1156/637/1116 1155/660/1116
f 1150/637/1117 1153/622/1117 1156/637/1117
f 1149/660/1118 1154/531/1118 1148/531/1118
f 1147/622/1119 1152/619/1119 1153/622/1119
f 1167/559/1120 1159/619/1120 1166/563/1120
f 1168/638/1121 1179/637/1121 1183/639/1121
f 1168/638/1122 1163/531/1122 1165/660/1122
f 1182/641/1123 1159/642/1123 1181/659/1123
f 1180/645/1124 1164/644/1124 1178/646/1124
f 1223/647/1125 1170/640/1125 1194/640/1125
f 1217/649/1126 1169/640/1126 1168/638/1126
f 1217/649/1127 1183/639/1127 1222/650/1127
f 1216/651/1128 1166/563/1128 1212/652/1128
f 1185/641/1129 1177/643/1129 1173/643/1129
f 1199/641/1130 1173/643/1130 1196/643/1130
f 1205/653/1131 1197/564/1131 1210/654/1131
f 1198/645/1063 1171/521/1063 1195/521/1063
f 1214/655/1132 1187/641/1132 1221/656/1132
f 1184/645/1133 1175/521/1133 1171/521/1133
f 1205/653/1134 1176/564/1134 1172/564/1134
f 1220/658/1135 1170/640/1135 1219/648/1135
f 1176/628/1133 1184/645/1133 1172/628/1133
f 1220/658/1136 1187/641/1136 1174/640/1136
f 1197/628/1063 1184/645/1063 1198/645/1063
f 1170/640/1137 1199/641/1137 1194/640/1137
f 1174/640/1138 1185/641/1138 1170/640/1138
f 1216/651/1139 1183/639/1139 1167/559/1139
f 1160/610/1140 1180/645/1140 1178/646/1140
f 1182/641/1141 1163/531/1141 1169/640/1141
f 1183/639/1142 1161/622/1142 1167/559/1142
f 1192/637/1143 1161/622/1143 1179/637/1143
f 1189/622/1144 1159/619/1144 1161/622/1144
f 1188/642/1145 1181/659/1145 1159/642/1145
f 1191/660/1146 1179/637/1146 1165/660/1146
f 1163/531/1147 1191/660/1147 1165/660/1147
f 1181/659/1148 1190/531/1148 1163/531/1148
f 1194/640/1149 1182/641/1149 1169/640/1149
f 1197/628/1150 1180/645/1150 1158/628/1150
f 1198/645/1150 1162/521/1150 1180/645/1150
f 1203/661/1151 1197/564/1151 1158/564/1151
f 1182/641/1152 1196/643/1152 1166/643/1152
f 1223/647/1153 1169/640/1153 1218/647/1153
f 1195/521/1154 1202/662/1154 1162/521/1154
f 1212/652/1155 1210/654/1155 1203/661/1155
f 1160/558/1156 1209/672/1156 1200/664/1156
f 1175/521/1157 1208/666/1157 1206/673/1157
f 1175/521/1158 1204/668/1158 1171/521/1158
f 1213/669/1159 1207/657/1159 1205/653/1159
f 1176/617/1157 1208/666/1157 1186/667/1157
f 1213/669/1160 1210/654/1160 1215/663/1160
f 1160/558/1161 1203/661/1161 1158/564/1161
f 1164/644/1162 1209/672/1162 1178/665/1162
f 1164/644/1163 1202/662/1163 1201/674/1163
f 1195/521/1164 1204/668/1164 1211/662/1164
f 1173/563/1165 1215/663/1165 1196/563/1165
f 1173/563/1166 1214/670/1166 1213/669/1166
f 1196/563/1167 1212/652/1167 1166/563/1167
f 1202/662/1168 1223/647/1168 1218/647/1168
f 1200/664/1169 1222/650/1169 1216/651/1169
f 1208/666/1170 1220/658/1170 1206/673/1170
f 1206/673/1171 1219/648/1171 1204/668/1171
f 1208/666/1172 1214/655/1172 1221/656/1172
f 1200/664/1173 1212/652/1173 1203/661/1173
f 1201/674/1174 1222/650/1174 1209/672/1174
f 1201/674/1175 1218/647/1175 1217/649/1175
f 1211/662/1176 1219/648/1176 1223/647/1176
f 1226/531/1177 1191/660/1177 1190/531/1177
f 1225/622/1178 1188/619/1178 1189/622/1178
f 1229/659/1179 1190/531/1179 1193/659/1179
f 1188/642/1180 1229/659/1180 1193/659/1180
f 1191/660/1181 1228/637/1181 1192/637/1181
f 1228/637/1182 1189/622/1182 1192/637/1182
f 1235/659/1183 1226/531/1183 1229/659/1183
f 1224/642/1184 1235/659/1184 1229/659/1184
f 1227/660/1185 1234/637/1185 1228/637/1185
f 1228/637/1186 1231/622/1186 1225/622/1186
f 1226/531/1187 1233/660/1187 1227/660/1187
f 1225/622/1188 1230/619/1188 1224/619/1188
f 1081/619/2503 1083/622/2503 1089/559/2503
f 1101/637/2504 1087/660/2504 1090/638/2504
f 1090/638/2505 1087/660/2505 1085/531/2505
f 1104/641/2506 1103/659/2506 1081/642/2506
f 1086/644/2507 1084/521/2507 1102/645/2507
f 1145/647/2508 1116/640/2508 1092/640/2508
f 1139/649/2509 1090/638/2509 1091/640/2509
f 1105/639/2510 1090/638/2510 1139/649/2510
f 1088/563/2511 1089/559/2511 1138/651/2511
f 1107/641/2512 1095/643/2512 1099/643/2512
f 1121/641/2513 1118/643/2513 1095/643/2513
f 1119/564/1062 1094/564/1062 1127/653/1062
f 1120/645/1063 1117/521/1063 1093/521/1063
f 1109/641/2514 1099/643/2514 1136/655/2514
f 1106/645/1065 1093/521/1065 1097/521/1065
f 1127/653/2515 1094/564/2515 1098/564/2515
f 1092/640/2516 1096/640/2516 1142/658/2516
f 1106/645/1065 1108/645/1065 1098/628/1065
f 1142/658/2514 1096/640/2514 1109/641/2514
f 1119/628/1063 1120/645/1063 1106/645/1063
f 1121/641/2517 1107/641/2517 1092/640/2517
f 1107/641/1060 1109/641/1060 1096/640/1060
f 1089/559/2518 1105/639/2518 1144/650/2518
f 1082/610/2519 1100/646/2519 1102/645/2519
f 1085/531/2520 1103/659/2520 1104/641/2520
f 1083/622/2521 1101/637/2521 1105/639/2521
f 1083/622/2522 1111/622/2522 1114/637/2522
f 1081/619/2523 1110/619/2523 1111/622/2523
f 1103/659/2524 1115/659/2524 1110/642/2524
f 1101/637/2525 1114/637/2525 1113/660/2525
f 1085/531/2526 1087/660/2526 1113/660/2526
f 1103/659/2527 1085/531/2527 1112/531/2527
f 1104/641/2528 1121/641/2528 1116/640/2528
f 1102/645/1082 1120/645/1082 1119/628/1082
f 1084/521/1082 1117/521/1082 1120/645/1082
f 1125/661/1083 1080/564/1083 1119/564/1083
f 1104/641/2529 1088/643/2529 1118/643/2529
f 1091/640/2530 1116/640/2530 1145/647/2530
f 1124/662/1086 1133/662/1086 1117/521/1086
f 1134/652/2531 1125/661/2531 1132/654/2531
f 1122/664/2532 1131/672/2532 1100/665/2532
f 1097/521/1089 1128/673/1089 1130/666/1089
f 1126/668/2533 1128/673/2533 1097/521/2533
f 1135/669/2534 1127/653/2534 1129/657/2534
f 1108/667/1089 1130/666/1089 1129/671/1089
f 1132/654/2535 1127/653/2535 1135/669/2535
f 1125/661/2536 1122/664/2536 1082/558/2536
f 1131/672/2537 1123/674/2537 1086/644/2537
f 1086/644/2538 1123/674/2538 1124/662/2538
f 1117/521/1096 1133/662/1096 1126/668/1096
f 1137/663/2539 1135/669/2539 1095/563/2539
f 1095/563/2540 1135/669/2540 1136/670/2540
f 1134/652/2541 1137/663/2541 1118/563/2541
f 1124/662/2542 1140/647/2542 1145/647/2542
f 1122/664/2543 1138/651/2543 1144/650/2543
f 1142/658/2544 1143/656/2544 1130/666/2544
f 1141/648/2545 1142/658/2545 1128/673/2545
f 1130/666/2546 1143/656/2546 1136/655/2546
f 1134/652/2547 1138/651/2547 1122/664/2547
f 1144/650/2548 1139/649/2548 1123/674/2548
f 1123/674/2549 1139/649/2549 1140/647/2549
f 1133/662/2550 1145/647/2550 1141/648/2550
f 1113/660/2551 1149/660/2551 1148/531/2551
f 1110/619/2552 1146/619/2552 1147/622/2552
f 1112/531/2553 1148/531/2553 1151/659/2553
f 1110/642/2554 1115/659/2554 1151/659/2554
f 1113/660/2555 1114/637/2555 1150/637/2555
f 1111/622/2556 1147/622/2556 1150/637/2556
f 1148/531/2557 1154/531/2557 1157/659/2557
f 1151/659/2558 1157/659/2558 1152/642/2558
f 1149/660/2559 1150/637/2559 1156/637/2559
f 1150/637/2560 1147/622/2560 1153/622/2560
f 1149/660/2561 1155/660/2561 1154/531/2561
f 1147/622/2562 1146/619/2562 1152/619/2562
f 1167/559/2563 1161/622/2563 1159/619/2563
f 1168/638/2564 1165/660/2564 1179/637/2564
f 1168/638/2565 1169/640/2565 1163/531/2565
f 1182/641/2566 1166/643/2566 1159/642/2566
f 1180/645/2567 1162/521/2567 1164/644/2567
f 1223/647/2568 1219/648/2568 1170/640/2568
f 1217/649/2569 1218/647/2569 1169/640/2569
f 1217/649/2570 1168/638/2570 1183/639/2570
f 1216/651/2571 1167/559/2571 1166/563/2571
f 1185/641/2572 1187/641/2572 1177/643/2572
f 1199/641/2573 1185/641/2573 1173/643/2573
f 1205/653/1131 1172/564/1131 1197/564/1131
f 1198/645/1063 1184/645/1063 1171/521/1063
f 1214/655/1136 1177/643/1136 1187/641/1136
f 1184/645/1133 1186/645/1133 1175/521/1133
f 1205/653/2574 1207/657/2574 1176/564/2574
f 1220/658/2575 1174/640/2575 1170/640/2575
f 1176/628/1133 1186/645/1133 1184/645/1133
f 1220/658/2576 1221/656/2576 1187/641/2576
f 1197/628/1063 1172/628/1063 1184/645/1063
f 1170/640/2577 1185/641/2577 1199/641/2577
f 1174/640/2572 1187/641/2572 1185/641/2572
f 1216/651/2578 1222/650/2578 1183/639/2578
f 1160/610/2579 1158/628/2579 1180/645/2579
f 1182/641/2580 1181/659/2580 1163/531/2580
f 1183/639/2581 1179/637/2581 1161/622/2581
f 1192/637/2582 1189/622/2582 1161/622/2582
f 1189/622/2583 1188/619/2583 1159/619/2583
f 1188/642/2584 1193/659/2584 1181/659/2584
f 1191/660/2585 1192/637/2585 1179/637/2585
f 1163/531/2586 1190/531/2586 1191/660/2586
f 1181/659/2587 1193/659/2587 1190/531/2587
f 1194/640/2588 1199/641/2588 1182/641/2588
f 1197/628/1150 1198/645/1150 1180/645/1150
f 1198/645/1150 1195/521/1150 1162/521/1150
f 1203/661/1151 1210/654/1151 1197/564/1151
f 1182/641/2589 1199/641/2589 1196/643/2589
f 1223/647/2590 1194/640/2590 1169/640/2590
f 1195/521/1154 1211/662/1154 1202/662/1154
f 1212/652/2591 1215/663/2591 1210/654/2591
f 1160/558/2592 1178/665/2592 1209/672/2592
f 1175/521/1157 1186/667/1157 1208/666/1157
f 1175/521/2593 1206/673/2593 1204/668/2593
f 1213/669/2594 1214/670/2594 1207/657/2594
f 1176/617/2595 1207/671/2595 1208/666/2595
f 1213/669/2596 1205/653/2596 1210/654/2596
f 1160/558/2597 1200/664/2597 1203/661/2597
f 1164/644/2598 1201/674/2598 1209/672/2598
f 1164/644/2599 1162/521/2599 1202/662/2599
f 1195/521/1164 1171/521/1164 1204/668/1164
f 1173/563/2600 1213/669/2600 1215/663/2600
f 1173/563/2601 1177/563/2601 1214/670/2601
f 1196/563/1167 1215/663/1167 1212/652/1167
f 1202/662/2602 1211/662/2602 1223/647/2602
f 1200/664/2603 1209/672/2603 1222/650/2603
f 1208/666/2604 1221/656/2604 1220/658/2604
f 1206/673/2605 1220/658/2605 1219/648/2605
f 1208/666/1170 1207/671/1170 1214/655/1170
f 1200/664/2606 1216/651/2606 1212/652/2606
f 1201/674/2607 1217/649/2607 1222/650/2607
f 1201/674/2608 1202/662/2608 1218/647/2608
f 1211/662/2609 1204/668/2609 1219/648/2609
f 1226/531/2610 1227/660/2610 1191/660/2610
f 1225/622/2611 1224/619/2611 1188/619/2611
f 1229/659/2612 1226/531/2612 1190/531/2612
f 1188/642/2613 1224/642/2613 1229/659/2613
f 1191/660/2614 1227/660/2614 1228/637/2614
f 1228/637/2615 1225/622/2615 1189/622/2615
f 1235/659/2616 1232/531/2616 1226/531/2616
f 1224/642/2617 1230/642/2617 1235/659/2617
f 1227/660/2618 1233/660/2618 1234/637/2618
f 1228/637/2619 1234/637/2619 1231/622/2619
f 1226/531/2620 1232/531/2620 1233/660/2620
f 1225/622/2621 1231/622/2621 1230/619/2621
